observation_date,DFF,VIXCLS,UNRATE,CPIAUCSL,T10Y2Y,DFF_DIFF1,VIXCLS_DIFF1,VIXCLS_DIFF2,VIXCLS_DIFF3,VIXCLS_DIFF6,VIXCLS_DIFF12,UNRATE_DIFF1,UNRATE_DIFF2,UNRATE_DIFF3,UNRATE_DIFF6,UNRATE_DIFF9,UNRATE_DIFF12,CPIAUCSL_DIFF1,CPIAUCSL_DIFF2,CPIAUCSL_DIFF3,CPIAUCSL_DIFF6,CPIAUCSL_DIFF12,T10Y2Y_DIFF1,T10Y2Y_DIFF2,T10Y2Y_DIFF3,T10Y2Y_DIFF6,T10Y2Y_DIFF12
1990-02-07,8.19,24.69,5.3,128.0,0.15,,,,,,,,,,,,,,,,,,,,,,
1990-03-27,8.25,19.59,5.2,128.6,-0.1,0.06,-5.1,,,,,-0.1,,,,,,0.6,,,,,-0.25,,,,
1990-05-15,8.27,20.14,5.4,129.1,0.1,0.02,0.55,-4.55,,,,0.2,0.1,,,,,0.5,1.1,,,,0.2,-0.05,,,
1990-07-03,8.35,16.26,5.5,130.5,0.18,0.08,-3.88,-3.33,-8.43,,,0.1,0.3,0.2,,,,1.4,1.9,2.5,,,0.08,0.28,0.03,,
1990-08-21,8.08,26.46,5.7,131.6,0.68,-0.27,10.2,6.32,6.87,,,0.2,0.3,0.5,,,,1.1,2.5,3.0,,,0.5,0.58,0.78,,
1990-10-02,8.25,28.06,5.9,133.4,0.77,0.17,1.6,11.8,7.92,,,0.2,0.4,0.5,,,,1.8,2.9,4.3,,,0.09,0.59,0.67,,
1990-11-13,7.73,25.6,6.2,133.7,0.77,-0.52,-2.46,-0.86,9.34,0.91,,0.3,0.5,0.7,0.9,,,0.3,2.1,3.2,5.7,,0.0,0.09,0.59,0.62,
1990-12-18,7.44,24.85,6.3,134.2,0.71,-0.29,-0.75,-3.21,-1.61,5.26,,0.1,0.4,0.6,1.1,,,0.5,0.8,2.6,5.6,,-0.06,-0.06,0.03,0.81,
1991-02-06,5.49,21.46,6.6,134.8,1.05,-1.95,-3.39,-4.14,-6.6,1.32,,0.3,0.4,0.7,1.2,,,0.6,1.1,1.4,5.7,,0.34,0.28,0.28,0.95,
1991-03-26,6.08,16.76,6.8,134.8,0.99,0.59,-4.7,-8.09,-8.84,0.5,,0.2,0.5,0.6,1.3,1.5,,0.0,0.6,1.1,4.3,,-0.06,0.28,0.22,0.81,
1991-05-14,5.8,17.66,6.9,135.6,1.23,-0.28,0.9,-3.8,-7.19,-8.8,,0.1,0.3,0.6,1.2,1.7,,0.8,0.8,1.4,4.0,,0.24,0.18,0.52,0.55,
1991-07-03,6.09,17.63,6.8,136.2,1.27,0.29,-0.03,0.87,-3.83,-10.43,,-0.1,0.0,0.2,0.9,1.4,,0.6,1.4,1.4,2.8,,0.04,0.28,0.22,0.5,
1991-08-20,5.54,21.19,6.9,136.6,1.59,-0.55,3.56,3.53,4.43,-4.41,-3.5,0.1,0.0,0.1,0.7,1.4,1.6,0.4,1.0,1.8,2.9,8.6,0.32,0.36,0.6,0.82,1.44
1991-10-01,5.6,15.85,6.9,137.0,1.48,0.06,-5.34,-1.78,-1.81,-9.0,-3.74,0.0,0.1,0.0,0.6,1.2,1.7,0.4,0.8,1.4,2.8,8.4,-0.11,0.21,0.25,0.77,1.58
1991-11-05,5.09,16.35,7.0,137.8,1.87,-0.51,0.5,-4.84,-1.28,-5.11,-3.79,0.1,0.1,0.2,0.4,1.1,1.6,0.8,1.2,1.6,3.0,8.7,0.39,0.28,0.6,0.82,1.77
1991-12-17,4.65,17.62,7.3,138.2,2.15,-0.44,1.27,1.77,-3.57,0.86,1.36,0.3,0.4,0.4,0.5,1.1,1.8,0.4,1.2,1.6,3.4,7.7,0.28,0.67,0.56,1.16,1.97
1992-02-05,3.83,17.96,7.4,138.6,2.17,-0.82,0.34,1.61,2.11,0.3,-8.5,0.1,0.4,0.5,0.5,1.1,1.7,0.4,0.8,1.6,3.0,7.0,0.02,0.3,0.69,0.94,1.49
1992-03-31,3.94,15.97,7.4,139.1,1.93,0.11,-1.99,-1.65,-0.38,-1.66,-12.09,0.0,0.1,0.4,0.6,0.8,1.5,0.5,0.9,1.3,2.9,5.7,-0.24,-0.22,0.06,0.66,1.16
1992-05-19,3.88,14.62,7.6,139.7,2.16,-0.06,-1.35,-3.34,-3.0,-6.57,-10.98,0.2,0.2,0.3,0.7,0.8,1.4,0.6,1.1,1.5,3.1,6.0,0.23,-0.01,0.01,0.57,1.39
1992-08-18,3.54,14.61,7.6,140.8,2.43,-0.34,-0.01,-1.36,-3.35,-1.24,-10.24,0.0,0.2,0.2,0.7,0.7,1.3,1.1,1.7,2.2,3.8,6.6,0.27,0.5,0.26,0.95,1.72
1992-10-06,3.22,20.01,7.3,141.7,2.56,-0.32,5.4,5.39,4.04,3.66,-1.45,-0.3,-0.3,-0.1,0.3,0.5,0.7,0.9,2.0,2.6,3.9,6.9,0.13,0.4,0.63,0.69,1.51
1992-11-17,3.28,14.86,7.4,142.1,2.22,0.06,-5.15,0.25,0.24,-2.76,-1.9,0.1,-0.2,-0.2,0.1,0.5,0.6,0.4,1.3,2.4,3.9,7.3,-0.34,-0.21,0.06,0.07,1.23
1992-12-22,3.06,11.65,7.4,142.3,2.07,-0.22,-3.21,-8.36,-2.96,-6.31,-6.01,0.0,0.1,-0.2,0.0,0.5,0.5,0.2,0.6,1.5,3.7,6.7,-0.15,-0.49,-0.36,-0.1,0.84
1993-02-03,3.18,12.25,7.1,143.1,2.21,0.12,0.6,-2.61,-7.76,-3.72,-5.38,-0.3,-0.3,-0.2,-0.3,0.1,0.3,0.8,1.0,1.4,4.0,6.9,0.14,-0.01,-0.35,0.28,0.94
1993-03-23,2.99,13.66,7.0,143.3,2.04,-0.19,1.41,2.01,-1.2,-0.96,-7.53,-0.1,-0.4,-0.4,-0.6,-0.3,0.1,0.2,1.0,1.2,3.6,6.7,-0.17,-0.03,-0.18,-0.12,0.45
1993-05-18,3.34,14.13,7.1,144.2,2.02,0.35,0.47,1.88,2.48,-0.48,-1.72,0.1,0.0,-0.3,-0.5,-0.3,0.2,0.9,1.1,1.9,3.4,7.2,-0.02,-0.19,-0.05,-0.41,0.54
1993-07-07,3.19,13.87,6.9,144.5,1.8,-0.15,-0.26,0.21,1.62,-6.14,-2.48,-0.2,-0.1,-0.2,-0.4,-0.5,-0.1,0.3,1.2,1.4,2.8,6.7,-0.22,-0.24,-0.41,-0.76,-0.07
1993-08-17,3.34,12.01,6.8,144.8,1.7,0.15,-1.86,-2.12,-1.65,-2.85,-5.61,-0.1,-0.3,-0.2,-0.6,-0.8,-0.5,0.3,0.6,1.5,2.7,6.6,-0.1,-0.32,-0.34,-0.52,-0.45
1993-09-21,3.38,14.6,6.7,145.0,1.5,0.04,2.59,0.73,0.47,2.95,-3.36,-0.1,-0.2,-0.4,-0.7,-0.9,-0.7,0.2,0.5,0.8,2.7,6.4,-0.2,-0.3,-0.52,-0.57,-0.67
1993-11-16,3.23,14.46,6.6,146.0,1.58,-0.15,-0.14,2.45,0.59,2.21,-1.51,-0.1,-0.2,-0.3,-0.5,-0.7,-0.8,1.0,1.2,1.5,2.9,6.9,0.08,-0.12,-0.22,-0.63,-0.35
1993-12-21,3.03,10.75,6.5,146.3,1.61,-0.2,-3.71,-3.85,-1.26,-2.91,-3.87,-0.1,-0.2,-0.3,-0.5,-0.9,-1.1,0.3,1.3,1.5,3.0,6.6,0.03,0.11,-0.09,-0.43,-0.55
1994-02-04,3.12,10.75,6.6,146.7,1.53,0.09,0.0,-3.71,-3.85,-3.38,-3.86,0.1,0.0,-0.1,-0.5,-0.8,-1.0,0.4,0.7,1.7,2.5,5.9,-0.08,-0.05,0.03,-0.49,-0.9
1994-03-22,3.36,14.34,6.5,147.1,1.46,0.24,3.59,3.59,-0.12,0.47,-5.67,-0.1,0.0,-0.1,-0.4,-0.6,-0.8,0.4,0.8,1.1,2.6,5.4,-0.07,-0.15,-0.12,-0.34,-1.1
1994-05-17,4.29,14.67,6.1,147.5,1.21,0.93,0.33,3.92,3.92,2.66,-0.19,-0.4,-0.5,-0.4,-0.7,-0.9,-1.3,0.4,0.8,1.2,2.7,5.4,-0.25,-0.32,-0.4,-0.49,-1.01
1994-07-06,4.37,14.92,6.1,148.4,1.17,0.08,0.25,0.58,4.17,0.32,3.27,0.0,-0.4,-0.5,-0.6,-1.0,-1.3,0.9,1.3,1.7,3.4,6.1,-0.04,-0.29,-0.36,-0.33,-0.9
1994-08-16,4.5,12.06,6.0,149.0,1.04,0.13,-2.86,-2.61,-2.28,-2.4,-0.19,-0.1,-0.1,-0.5,-0.6,-0.9,-1.1,0.6,1.5,1.9,3.0,5.9,-0.13,-0.17,-0.42,-0.54,-1.17
1994-09-27,4.78,14.56,5.9,149.3,1.03,0.28,2.5,-0.36,-0.11,3.81,0.9,-0.1,-0.2,-0.2,-0.6,-0.9,-1.1,0.3,0.9,1.8,3.0,6.0,-0.01,-0.14,-0.18,-0.58,-1.01
1994-11-15,5.48,16.68,5.6,149.8,0.88,0.7,2.12,4.62,1.76,5.93,2.55,-0.3,-0.4,-0.5,-1.0,-1.1,-1.5,0.5,0.8,1.4,3.1,5.6,-0.15,-0.16,-0.29,-0.65,-1.14
1994-12-20,5.27,13.02,5.5,150.1,0.22,-0.21,-3.66,-1.54,0.96,-1.32,-0.85,-0.1,-0.4,-0.5,-1.0,-1.1,-1.4,0.3,0.8,1.1,3.0,5.6,-0.66,-0.81,-0.82,-1.24,-1.58
1995-03-28,6.13,11.83,5.4,151.2,0.43,0.86,-1.19,-4.85,-2.73,-2.84,-0.18,-0.1,-0.2,-0.5,-0.7,-1.1,-1.4,1.1,1.4,1.9,3.7,6.4,0.21,-0.45,-0.6,-0.78,-1.27
1995-05-23,6.0,11.68,5.6,152.1,0.44,-0.13,-0.15,-1.34,-5.0,-3.24,-2.92,0.2,0.1,0.0,-0.5,-1.0,-1.1,0.9,2.0,2.3,3.7,7.1,0.01,0.22,-0.44,-0.73,-1.06
1995-07-06,7.41,12.1,5.7,152.6,0.41,1.41,0.42,0.27,-0.92,0.04,-2.36,0.1,0.3,0.2,-0.3,-0.8,-0.9,0.5,1.4,2.5,3.6,6.6,-0.03,-0.02,0.19,-0.63,-1.17
1995-08-22,5.71,13.42,5.7,152.9,0.46,-1.7,1.32,1.74,1.59,-1.14,2.67,0.0,0.1,0.3,-0.2,-0.4,-0.8,0.3,0.8,1.7,3.6,6.6,0.05,0.02,0.03,-0.57,-1.15
1995-09-26,5.75,13.22,5.6,153.1,0.37,0.04,-0.2,1.12,1.54,-3.46,2.47,-0.1,-0.1,0.0,0.0,-0.5,-1.0,0.2,0.5,1.0,3.3,6.4,-0.09,-0.04,-0.07,-0.51,-1.16
1995-11-15,5.71,13.38,5.6,153.7,0.5,-0.04,0.16,-0.04,1.28,0.36,-0.96,0.0,-0.1,-0.1,0.1,-0.4,-0.9,0.6,0.8,1.1,3.6,6.6,0.13,0.04,0.09,0.28,-0.96
1995-12-19,5.76,14.55,5.6,153.9,0.42,0.05,1.17,1.33,1.13,2.72,-0.12,0.0,0.0,-0.1,0.2,-0.3,-0.5,0.2,0.8,1.0,2.7,6.4,-0.08,0.05,-0.04,-0.01,-0.79
1996-01-31,5.37,12.42,5.6,154.7,0.61,-0.39,-2.13,-0.96,-0.8,0.74,-2.5,0.0,0.0,0.0,0.0,0.0,-0.5,0.8,1.0,1.6,2.6,6.3,0.19,0.11,0.24,0.17,-0.56
1996-03-26,5.29,17.84,5.5,155.5,0.57,-0.08,5.42,3.29,4.46,5.74,5.78,-0.1,-0.1,-0.1,-0.2,0.0,-0.5,0.8,1.6,1.8,2.9,6.5,-0.04,0.15,0.07,0.16,-0.47
1996-05-21,5.21,15.8,5.6,156.4,0.6,-0.08,-2.04,3.38,1.25,2.38,1.24,0.1,0.0,0.0,-0.1,0.2,-0.3,0.9,1.7,2.5,3.5,7.1,0.03,-0.01,0.18,0.14,-0.43
1996-07-03,5.29,14.19,5.5,157.0,0.58,0.08,-1.61,-3.65,1.77,0.97,-2.49,-0.1,0.0,-0.1,-0.1,-0.1,-0.1,0.6,1.5,2.3,3.9,7.2,-0.02,0.01,-0.03,0.21,-0.3
1996-08-20,5.17,15.27,5.1,157.2,0.62,-0.12,1.08,-0.53,-2.57,1.89,2.25,-0.4,-0.5,-0.4,-0.5,-0.6,-0.4,0.2,0.8,1.7,3.5,7.1,0.04,0.02,0.05,0.12,0.4
1996-09-24,5.32,16.46,5.2,157.7,0.59,0.15,1.19,2.27,0.66,1.91,4.63,0.1,-0.3,-0.4,-0.4,-0.5,-0.2,0.5,0.7,1.3,3.8,6.5,-0.03,0.01,-0.01,0.17,0.16
1996-11-13,5.3,15.36,5.4,158.7,0.46,-0.02,-1.1,0.09,1.17,2.94,3.68,0.2,0.3,-0.1,-0.2,-0.2,-0.2,1.0,1.5,1.7,4.0,6.6,-0.13,-0.16,-0.12,-0.15,0.02
1996-12-17,5.56,21.99,5.4,159.1,0.57,0.26,6.63,5.53,6.72,4.15,9.89,0.0,0.2,0.3,-0.1,-0.2,-0.3,0.4,1.4,1.9,3.6,6.5,0.11,-0.02,-0.05,0.0,0.16
1997-02-05,5.18,19.43,5.2,159.7,0.57,-0.38,-2.56,4.07,2.97,3.63,6.01,-0.2,-0.2,0.0,-0.4,-0.4,-0.5,0.6,1.0,2.0,3.3,6.8,0.0,0.11,-0.02,-0.03,0.11
1997-03-25,5.47,20.06,5.2,159.8,0.43,0.29,0.63,-1.93,4.7,5.87,6.84,0.0,-0.2,-0.2,-0.3,-0.4,-0.4,0.1,0.7,1.1,2.8,6.7,-0.14,-0.14,-0.03,-0.15,0.06
1997-05-20,5.55,21.48,4.9,159.9,0.43,0.08,1.42,2.05,-0.51,6.21,8.1,-0.3,-0.3,-0.5,-0.2,-0.6,-0.7,0.1,0.2,0.8,2.7,6.2,0.0,-0.14,-0.14,-0.19,-0.07
1997-07-02,6.24,21.0,4.9,160.4,0.43,0.69,-0.48,0.94,1.57,4.54,6.45,0.0,-0.3,-0.3,-0.3,-0.7,-0.7,0.5,0.6,0.7,2.7,6.5,0.0,0.0,-0.14,-0.16,0.01
1997-08-19,5.49,24.37,4.8,160.8,0.39,-0.75,3.37,2.89,4.31,9.01,11.95,-0.1,-0.1,-0.4,-0.6,-0.7,-0.8,0.4,0.9,1.0,2.1,6.1,-0.04,-0.04,-0.04,-0.07,-0.22
1997-09-30,5.68,22.23,4.9,161.2,0.3,0.19,-2.14,1.23,0.75,0.24,4.39,0.1,0.0,0.0,-0.5,-0.2,-0.6,0.4,0.8,1.3,2.1,5.7,-0.09,-0.13,-0.13,-0.27,-0.27
1997-11-12,5.5,36.38,4.6,161.7,0.3,-0.18,14.15,12.01,15.38,16.95,20.58,-0.3,-0.2,-0.3,-0.6,-0.6,-1.0,0.5,0.9,1.3,2.0,5.3,0.0,-0.09,-0.13,-0.27,-0.3
1997-12-16,5.97,27.37,4.7,161.8,0.1,0.47,-9.01,5.14,3.0,7.31,13.18,0.1,-0.2,-0.1,-0.5,-0.7,-0.8,0.1,0.6,1.0,2.0,4.8,-0.2,-0.2,-0.29,-0.33,-0.48
1998-02-04,5.47,20.67,4.6,162.0,0.22,-0.5,-6.7,-15.71,-1.56,-0.81,5.4,-0.1,0.0,-0.3,-0.3,-0.8,-0.5,0.2,0.3,0.8,2.1,4.8,0.12,-0.08,-0.08,-0.21,-0.4
1998-03-31,5.62,24.66,4.7,162.0,0.07,0.15,3.99,-2.71,-11.72,3.66,8.2,0.1,0.0,0.1,-0.2,-0.5,-0.5,0.0,0.2,0.3,1.6,4.3,-0.15,-0.03,-0.23,-0.36,-0.52
1998-05-19,5.52,21.69,4.4,162.6,0.05,-0.1,-2.97,1.02,-5.68,-2.68,6.33,-0.3,-0.2,-0.3,-0.4,-0.8,-1.0,0.6,0.6,0.8,1.8,3.9,-0.02,-0.17,-0.05,-0.34,-0.41
1998-08-18,5.8,31.86,4.5,163.4,0.06,0.28,10.17,7.2,11.19,9.63,9.87,0.1,-0.2,-0.1,-0.4,-0.4,-0.9,0.8,1.4,1.4,2.2,4.3,0.01,-0.01,-0.16,-0.24,-0.51
1998-09-29,5.55,34.87,4.6,163.5,0.16,-0.25,3.01,13.18,10.21,-1.51,15.44,0.1,0.2,-0.1,0.0,-0.3,-0.6,0.1,0.9,1.5,1.8,3.8,0.1,0.11,0.09,-0.14,-0.41
1998-11-17,5.45,28.9,4.4,164.1,0.29,-0.1,-5.97,-2.96,7.21,1.53,8.84,-0.2,-0.1,0.0,-0.3,-0.4,-0.8,0.6,0.7,1.5,2.3,4.3,0.13,0.23,0.24,0.19,-0.14
1998-12-22,4.72,23.86,4.4,164.4,0.08,-0.73,-5.04,-11.01,-8.0,3.19,2.38,0.0,-0.2,-0.1,-0.2,-0.5,-0.5,0.3,0.9,1.0,2.4,4.5,-0.21,-0.08,0.02,-0.14,-0.35
1999-02-03,4.56,28.16,4.4,164.7,0.09,-0.16,4.3,-0.74,-6.71,3.5,7.16,0.0,0.0,-0.2,-0.3,-0.2,-0.5,0.3,0.6,1.2,2.7,4.3,0.01,-0.2,-0.07,0.02,-0.34
1999-03-30,4.84,23.54,4.2,164.8,0.26,0.28,-4.62,-0.32,-5.36,1.85,-0.83,-0.2,-0.2,-0.2,-0.2,-0.5,-0.6,0.1,0.4,0.7,2.2,4.0,0.17,0.18,-0.03,0.21,-0.13
1999-05-18,5.01,27.28,4.2,166.0,0.35,0.17,3.74,-0.88,3.42,-4.58,5.05,0.0,-0.2,-0.2,-0.3,-0.4,-0.7,1.2,1.3,1.6,2.6,4.8,0.09,0.26,0.27,0.29,0.05
1999-06-30,4.91,22.51,4.3,166.0,0.25,-0.1,-4.77,-1.03,-5.65,-12.36,-13.87,0.1,0.1,-0.1,-0.3,-0.4,-0.3,0.0,1.2,1.3,2.5,4.3,-0.1,-0.01,0.16,0.09,-0.05
1999-08-24,5.06,22.55,4.2,167.1,0.23,0.15,0.04,-4.73,-0.99,-6.35,-4.82,-0.1,0.0,0.0,-0.2,-0.2,-0.5,1.1,1.1,2.3,3.0,5.3,-0.02,-0.12,-0.03,-0.06,0.13
1999-10-05,5.23,24.46,4.1,168.1,0.25,0.17,1.91,1.95,-2.82,0.6,3.79,-0.1,-0.2,-0.1,-0.3,-0.4,-0.5,1.0,2.1,2.1,3.7,6.1,0.02,0.0,-0.1,0.17,0.03
1999-11-16,5.64,22.74,4.1,168.4,0.15,0.41,-1.72,0.19,0.23,-5.42,-1.92,0.0,-0.1,-0.2,-0.3,-0.5,-0.6,0.3,1.3,2.4,3.7,6.4,-0.1,-0.08,-0.1,0.06,0.08
1999-12-21,5.54,23.78,4.0,168.8,0.15,-0.1,1.04,-0.68,1.23,0.24,2.09,-0.1,-0.1,-0.2,-0.2,-0.4,-0.4,0.4,0.7,1.7,4.0,6.2,0.0,-0.1,-0.08,-0.11,0.1
2000-02-02,5.79,23.45,4.1,170.0,0.02,0.25,-0.33,0.71,-1.01,-3.83,-8.41,0.1,0.0,0.0,-0.1,-0.3,-0.4,1.2,1.6,1.9,4.0,6.6,-0.13,-0.13,-0.23,-0.33,-0.04
2000-03-21,5.82,22.96,4.0,171.0,-0.34,0.03,-0.49,-0.82,0.22,0.45,-11.91,-0.1,0.0,-0.1,-0.3,-0.4,-0.6,1.0,2.2,2.6,5.0,7.5,-0.36,-0.49,-0.49,-0.59,-0.5
2000-05-16,6.34,24.86,4.0,171.2,-0.41,0.52,1.9,1.41,1.08,2.31,-4.04,0.0,-0.1,0.0,-0.2,-0.2,-0.4,0.2,1.2,2.4,4.1,7.1,-0.07,-0.43,-0.56,-0.64,-0.7
2000-06-28,6.56,21.8,4.0,172.2,-0.4,0.22,-3.06,-1.16,-1.65,-2.66,-2.06,0.0,0.0,-0.1,-0.1,-0.2,-0.4,1.0,1.2,2.2,4.1,7.8,0.01,-0.06,-0.42,-0.65,-0.48
2000-08-22,6.48,17.35,4.1,172.7,-0.49,-0.08,-4.45,-7.51,-5.61,-5.39,-10.81,0.1,0.1,0.1,0.0,-0.2,-0.3,0.5,1.5,1.7,4.3,8.0,-0.09,-0.08,-0.15,-0.64,-0.58
2000-10-03,6.68,21.23,3.9,173.9,-0.15,0.2,3.88,-0.57,-3.63,-2.55,-2.31,-0.2,-0.1,-0.1,-0.1,-0.3,-0.3,1.2,1.7,2.7,5.1,9.1,0.34,0.25,0.26,-0.3,-0.41
2000-11-15,6.52,26.81,3.9,174.2,-0.16,-0.16,5.58,9.46,5.01,3.36,-0.47,0.0,-0.2,-0.1,-0.2,-0.2,-0.3,0.3,1.5,2.0,4.2,8.2,-0.01,0.33,0.24,-0.18,-0.51
2000-12-19,6.5,27.7,3.9,174.6,-0.16,-0.02,0.89,6.47,10.35,4.74,5.19,0.0,0.0,-0.2,-0.1,-0.2,-0.4,0.4,0.7,1.9,3.6,8.6,0.0,-0.01,0.33,0.18,-0.41
2001-01-31,5.9,22.57,4.2,175.6,0.54,-0.6,-5.13,-4.24,1.34,-2.29,0.02,0.3,0.3,0.3,0.2,0.2,0.0,1.0,1.4,1.7,4.4,8.5,0.7,0.7,0.69,0.95,0.31
2001-03-20,5.38,29.78,4.3,176.1,0.5,-0.52,7.21,2.08,2.97,7.98,5.32,0.1,0.4,0.4,0.3,0.2,0.2,0.5,1.5,1.9,3.9,8.0,-0.04,0.66,0.66,0.9,0.25
2001-05-15,4.43,24.26,4.3,177.3,1.17,-0.95,-5.52,1.69,-3.44,6.91,1.52,0.0,0.1,0.4,0.2,0.3,0.2,1.2,1.7,2.7,4.6,8.9,0.67,0.63,1.33,1.66,1.02
2001-06-27,3.75,21.2,4.5,177.7,1.21,-0.68,-3.06,-8.58,-1.37,-0.03,-2.58,0.2,0.2,0.3,0.6,0.5,0.5,0.4,1.6,2.1,3.8,8.9,0.04,0.71,0.67,1.36,1.06
2001-08-21,3.64,22.87,4.9,177.4,1.17,-0.11,1.67,-1.39,-6.91,-3.94,-0.58,0.4,0.6,0.6,1.0,0.9,0.8,-0.3,0.1,1.3,3.2,7.4,-0.04,0.0,0.67,1.33,1.15
2001-10-02,3.02,32.32,5.3,177.6,1.73,-0.62,9.45,11.12,8.06,4.62,9.36,0.4,0.8,1.0,1.4,1.2,1.3,0.2,-0.1,0.3,3.0,6.6,0.56,0.52,0.56,1.89,2.07
2001-11-06,2.45,30.5,5.5,177.5,1.85,-0.57,-1.82,7.63,9.3,7.93,5.64,0.2,0.6,1.0,1.3,1.6,1.5,-0.1,0.1,-0.2,1.9,6.3,0.12,0.68,0.64,1.31,2.26
2001-12-11,1.9,25.62,5.7,177.4,2.07,-0.55,-4.88,-6.7,2.75,-4.16,3.82,0.2,0.4,0.8,1.4,1.8,1.7,-0.1,-0.2,0.0,1.3,5.2,0.22,0.34,0.9,1.57,2.47
2002-01-30,1.78,24.35,5.7,177.7,1.97,-0.12,-1.27,-6.15,-7.97,0.09,7.0,0.0,0.2,0.4,1.4,1.8,1.6,0.3,0.2,0.1,0.4,5.0,-0.1,0.12,0.24,0.8,2.46
2002-03-19,1.71,18.93,5.7,178.5,1.65,-0.07,-5.42,-6.69,-11.57,-2.27,-2.3,0.0,0.0,0.2,1.2,1.5,1.8,0.8,1.1,1.0,0.8,4.6,-0.32,-0.42,-0.2,0.44,1.8
2002-05-07,1.75,22.56,5.8,179.5,1.91,0.04,3.63,-1.79,-3.06,-0.31,-4.25,0.1,0.1,0.1,0.9,1.5,1.9,1.0,1.8,2.1,2.1,5.3,0.26,-0.06,-0.16,0.74,2.07
2002-06-26,1.75,27.84,5.8,179.6,1.96,0.0,5.28,8.91,3.49,-4.48,0.14,0.0,0.1,0.1,0.5,1.5,1.9,0.1,1.1,1.9,2.0,5.0,0.05,0.31,-0.01,0.23,2.12
2002-08-13,1.76,37.05,5.7,180.5,2.12,0.01,9.21,14.49,18.12,6.55,14.48,-0.1,-0.1,0.0,0.2,1.2,1.5,0.9,1.0,2.0,3.0,4.9,0.16,0.21,0.47,0.27,1.58
2002-09-24,1.74,39.68,5.7,180.8,1.77,-0.02,2.63,11.84,17.12,14.06,9.9,0.0,-0.1,-0.1,0.0,0.8,1.4,0.3,1.2,1.3,3.4,4.7,-0.35,-0.19,-0.14,-0.3,1.27
2002-11-06,1.64,31.23,5.9,181.5,2.28,-0.1,-8.45,-5.82,3.39,6.88,6.97,0.2,0.2,0.1,0.2,0.6,1.6,0.7,1.0,1.9,3.8,4.2,0.51,0.16,0.32,0.31,1.11
2002-12-10,1.22,30.78,6.0,181.8,2.18,-0.42,-0.45,-8.9,-6.27,11.85,9.58,0.1,0.3,0.3,0.3,0.5,1.5,0.3,1.0,1.3,3.3,4.1,-0.1,0.41,0.06,0.53,0.97
2003-01-29,1.23,31.93,5.8,182.6,2.3,0.01,1.15,0.7,-7.75,9.37,9.06,-0.2,-0.1,0.1,0.0,0.1,0.9,0.8,1.1,1.8,3.1,5.2,0.12,0.02,0.53,0.39,1.13
2003-03-18,1.31,31.75,5.9,183.9,2.19,0.08,-0.18,0.97,0.52,3.91,-0.57,0.1,-0.1,0.0,0.1,0.2,0.6,1.3,2.1,2.4,4.3,6.3,-0.11,0.01,-0.09,0.23,0.46
2003-05-06,1.27,21.13,6.1,182.9,2.37,-0.04,-10.62,-10.8,-9.65,-15.92,-9.37,0.2,0.3,0.1,0.4,0.4,0.6,-1.0,0.3,1.1,2.4,5.4,0.18,0.07,0.19,0.25,0.52
2003-06-25,1.15,20.75,6.3,183.1,2.15,-0.12,-0.38,-11.0,-11.18,-18.93,-4.87,0.2,0.4,0.5,0.6,0.5,0.6,0.2,-0.8,0.5,2.3,5.7,-0.22,-0.04,-0.15,0.38,0.08
2003-08-12,1.02,19.75,6.1,184.5,2.57,-0.13,-1.0,-1.38,-12.0,-11.48,-4.6,-0.2,0.0,0.2,0.2,0.3,0.4,1.4,1.6,0.6,3.0,6.8,0.42,0.2,0.38,0.29,0.6
2003-09-15,1.02,18.68,6.1,185.1,2.61,0.0,-1.07,-2.07,-2.45,-12.1,-0.25,0.0,-0.2,0.0,0.1,0.4,0.4,0.6,2.0,2.2,3.3,6.6,0.04,0.46,0.24,0.43,0.96
2003-09-16,1.11,19.28,6.1,185.1,2.65,0.09,0.6,-0.47,-1.47,-12.65,-3.28,0.0,0.0,-0.2,0.3,0.4,0.3,0.0,0.6,2.0,2.5,5.6,0.04,0.08,0.5,0.35,0.74
2003-10-28,1.03,18.05,6.0,184.9,2.47,-0.08,-1.23,-0.63,-1.7,-13.7,-9.79,-0.1,-0.1,-0.1,0.1,0.1,0.2,-0.2,-0.2,0.4,1.0,5.3,-0.18,-0.14,-0.1,0.28,0.51
2003-12-09,0.99,16.54,5.7,185.5,2.35,-0.04,-1.51,-2.74,-2.14,-4.59,-20.51,-0.3,-0.4,-0.4,-0.4,-0.3,0.0,0.6,0.4,0.4,2.6,5.0,-0.12,-0.3,-0.26,-0.02,0.23
2004-01-28,1.02,15.35,5.7,186.3,2.41,0.03,-1.19,-2.7,-3.93,-5.4,-24.33,0.0,-0.3,-0.4,-0.6,-0.1,0.0,0.8,1.4,1.2,3.2,5.5,0.06,-0.06,-0.24,0.26,0.64
2004-03-16,1.05,21.13,5.8,187.1,2.22,0.03,5.78,4.59,3.08,1.38,-10.1,0.1,0.1,-0.2,-0.3,-0.1,-0.1,0.8,1.6,2.2,2.6,5.6,-0.19,-0.13,-0.25,-0.35,-0.06
2004-05-04,1.03,16.62,5.6,188.2,2.19,-0.02,-4.51,1.27,0.08,-2.06,-14.16,-0.2,-0.1,-0.1,-0.5,-0.5,-0.4,1.1,1.9,2.7,3.1,6.4,-0.03,-0.22,-0.16,-0.42,0.01
2004-06-30,1.13,15.47,5.6,188.9,1.87,0.1,-1.15,-5.66,0.12,-3.81,-16.46,0.0,-0.2,-0.1,-0.5,-0.7,-0.2,0.7,1.8,2.6,3.8,6.3,-0.32,-0.35,-0.54,-0.78,-0.43
2004-08-10,1.35,18.89,5.4,189.2,1.83,0.22,3.42,2.27,-2.24,0.84,-12.86,-0.2,-0.2,-0.4,-0.6,-0.7,-0.5,0.3,1.0,2.1,4.3,5.3,-0.04,-0.36,-0.39,-0.64,-0.36
2004-09-21,1.64,14.43,5.4,189.8,1.61,0.29,-4.46,-1.04,-2.19,-2.11,-6.7,0.0,-0.2,-0.2,-0.3,-0.7,-0.7,0.6,0.9,1.6,4.3,6.9,-0.22,-0.26,-0.58,-0.74,-0.76
2004-11-10,1.79,13.61,5.4,191.7,1.42,0.15,-0.82,-5.28,-1.86,-1.74,-7.14,0.0,0.0,-0.2,-0.3,-0.7,-0.9,1.9,2.5,2.8,5.4,8.6,-0.19,-0.41,-0.45,-0.99,-0.73
2004-12-14,2.18,12.54,5.4,191.7,1.18,0.39,-1.07,-1.89,-6.35,-8.59,-7.21,0.0,0.0,0.0,-0.4,-0.6,-0.7,0.0,1.9,2.5,4.6,7.2,-0.24,-0.43,-0.65,-1.04,-1.39
2005-02-02,2.4,12.03,5.4,192.4,0.86,0.22,-0.51,-1.58,-2.4,-4.59,-6.65,0.0,0.0,0.0,-0.2,-0.3,-0.7,0.7,0.7,2.6,4.2,7.3,-0.32,-0.56,-0.75,-1.33,-1.75
2005-03-22,2.71,13.61,5.2,193.1,0.81,0.31,1.58,1.07,0.0,-1.86,-5.67,-0.2,-0.2,-0.2,-0.4,-0.5,-0.9,0.7,1.4,1.4,4.2,8.0,-0.05,-0.37,-0.61,-1.06,-1.84
2005-05-03,2.98,15.12,5.1,193.6,0.57,0.27,1.51,3.09,2.58,-3.77,-2.93,-0.1,-0.3,-0.3,-0.3,-0.7,-0.9,0.5,1.2,1.9,4.4,8.7,-0.24,-0.29,-0.61,-1.26,-1.9
2005-06-30,3.2,11.77,5.0,193.7,0.34,0.22,-3.35,-1.84,-0.26,-2.66,-4.77,-0.1,-0.2,-0.4,-0.4,-0.6,-0.7,0.1,0.6,1.3,3.9,8.2,-0.23,-0.47,-0.52,-1.27,-2.01
2005-08-09,3.5,13.21,4.9,196.1,0.26,0.3,1.44,-1.91,-0.4,-0.4,-2.14,-0.1,-0.2,-0.3,-0.5,-0.7,-0.8,2.4,2.5,3.0,4.4,9.8,-0.08,-0.31,-0.55,-1.16,-2.15
2005-09-20,3.62,12.14,5.0,198.8,0.32,0.12,-1.07,0.37,-2.98,-0.4,-8.99,0.1,0.0,-0.1,-0.4,-0.4,-0.8,2.7,5.1,5.2,7.1,11.7,0.06,-0.02,-0.25,-0.86,-1.9
2005-11-01,4.02,15.32,5.0,199.1,0.17,0.4,3.18,2.11,3.55,3.29,-1.3,0.0,0.1,0.0,-0.4,-0.4,-0.6,0.3,3.0,5.4,6.7,10.9,-0.15,-0.09,-0.17,-0.69,-2.02
2005-12-13,4.24,11.47,4.9,198.1,0.11,0.22,-3.85,-0.67,-1.74,-2.14,-4.0,-0.1,-0.1,0.0,-0.3,-0.5,-0.7,-1.0,-0.7,2.0,5.0,9.2,-0.06,-0.21,-0.15,-0.7,-1.76
2006-01-31,4.48,12.39,4.7,199.3,0.02,0.24,0.92,-2.93,0.25,-2.73,-6.5,-0.2,-0.3,-0.3,-0.4,-0.7,-0.7,1.2,0.2,0.5,5.7,10.1,-0.09,-0.15,-0.3,-0.55,-1.81
2006-03-28,4.77,11.46,4.7,199.7,-0.02,0.29,-0.93,-0.01,-3.86,-0.31,-2.97,0.0,-0.2,-0.3,-0.3,-0.7,-0.7,0.4,1.6,0.6,6.0,9.9,-0.04,-0.13,-0.19,-0.36,-1.63
2006-05-10,4.78,11.99,4.6,201.3,0.16,0.01,0.53,-0.4,0.52,-1.22,-1.62,-0.1,-0.1,-0.3,-0.3,-0.6,-0.8,1.6,2.0,3.2,5.2,9.6,0.18,0.14,0.05,-0.1,-1.26
2006-06-29,5.06,15.79,4.6,201.8,-0.04,0.28,3.8,4.33,3.4,3.65,3.25,0.0,-0.1,-0.1,-0.4,-0.5,-0.8,0.5,2.1,2.5,3.0,10.1,-0.2,-0.02,-0.06,-0.36,-1.22
2006-08-08,5.24,15.23,4.7,203.8,-0.03,0.18,-0.56,3.24,3.77,-0.09,3.2,0.1,0.1,0.0,-0.3,-0.3,-0.7,2.0,2.5,4.1,4.7,11.4,0.01,-0.19,-0.01,-0.2,-0.89
2006-09-20,5.21,11.98,4.5,202.8,-0.05,-0.03,-3.25,-3.81,-0.01,0.51,-1.63,-0.2,-0.1,-0.1,-0.4,-0.4,-0.7,-1.0,1.0,1.5,4.7,9.7,-0.02,-0.01,-0.21,-0.16,-0.86
2006-10-25,5.24,10.78,4.4,201.9,-0.08,0.03,-1.2,-4.45,-5.01,-1.61,-4.34,-0.1,-0.3,-0.2,-0.3,-0.6,-0.7,-0.9,-1.9,0.1,2.6,8.3,-0.03,-0.05,-0.04,-0.1,-0.65
2006-12-12,5.25,10.71,4.4,203.1,-0.15,0.01,-0.07,-1.27,-4.52,-0.75,-1.06,0.0,-0.1,-0.3,-0.3,-0.6,-0.6,1.2,0.3,-0.7,3.4,9.4,-0.07,-0.1,-0.12,-0.13,-0.49
2007-01-31,5.23,10.96,4.6,203.437,-0.1,-0.02,0.25,0.18,-1.02,-1.03,-2.25,0.2,0.2,0.1,0.0,-0.3,-0.3,0.34,1.54,0.64,2.14,7.34,0.05,-0.02,-0.05,-0.26,-0.36
2007-03-21,5.26,13.27,4.4,205.288,-0.04,0.03,2.31,2.56,2.49,-2.52,1.13,-0.2,0.0,0.0,-0.2,-0.3,-0.6,1.85,2.19,3.39,3.49,6.49,0.06,0.11,0.04,0.0,-0.36
2007-05-09,5.21,13.21,4.4,206.755,-0.05,-0.05,-0.06,2.25,2.5,-2.02,-2.11,0.0,-0.2,0.0,-0.3,-0.3,-0.6,1.47,3.32,3.66,2.95,7.66,-0.01,0.05,0.1,-0.02,-0.22
2007-06-28,5.26,15.53,4.6,207.234,0.18,0.05,2.32,2.26,4.57,3.55,4.06,0.2,0.2,0.0,0.1,0.0,-0.3,0.48,1.95,3.8,4.43,9.13,0.23,0.22,0.28,0.23,0.07
2007-08-07,5.26,22.94,4.6,207.667,0.26,0.0,7.41,9.73,9.67,12.16,10.55,0.0,0.2,0.2,0.2,0.0,-0.1,0.43,0.91,2.38,5.77,8.37,0.08,0.31,0.3,0.34,0.24
2007-09-18,5.33,26.48,4.7,208.547,0.4,0.07,3.54,10.95,13.27,15.77,15.02,0.1,0.1,0.3,0.3,0.0,0.0,0.88,1.31,1.79,5.45,8.85,0.14,0.22,0.45,0.55,0.42
2007-10-31,4.78,21.07,4.7,209.19,0.58,-0.55,-5.41,-1.87,5.54,10.11,9.08,0.0,0.1,0.1,0.1,0.2,0.1,0.64,1.52,1.96,5.75,7.89,0.18,0.32,0.4,0.68,0.42
2007-12-11,4.46,20.74,5.0,211.445,0.98,-0.32,-0.33,-5.74,-2.2,7.47,4.95,0.3,0.3,0.4,0.6,0.6,0.4,2.25,2.9,3.78,6.16,9.64,0.4,0.58,0.72,1.02,1.02
2008-01-30,3.47,27.32,5.0,212.174,1.4,-0.99,6.58,6.25,0.84,14.11,12.09,0.0,0.3,0.3,0.6,0.6,0.3,0.73,2.98,3.63,5.42,8.37,0.42,0.82,1.0,1.45,1.43
2008-03-18,2.69,32.24,5.1,213.448,1.99,-0.78,4.92,11.5,11.17,16.71,20.26,0.1,0.1,0.4,0.5,0.5,0.6,1.27,2.0,4.26,6.21,10.65,0.59,1.01,1.41,1.81,2.04
2008-04-30,2.21,20.24,5.0,213.942,1.5,-0.48,-12.0,-7.08,-0.5,-2.7,9.46,-0.1,0.0,0.0,0.4,0.6,0.6,0.49,1.77,2.5,6.28,12.04,-0.49,0.1,0.52,1.24,1.58
2008-06-25,1.93,22.42,5.6,217.463,1.23,-0.28,2.18,-9.82,-4.9,-4.06,11.71,0.6,0.5,0.6,0.9,1.2,1.2,3.52,4.01,5.29,8.92,14.36,-0.27,-0.76,-0.17,0.83,1.38
2008-08-05,1.97,23.49,6.1,218.69,1.45,0.04,1.07,3.25,-8.75,2.42,12.53,0.5,1.1,1.0,1.4,1.5,1.5,1.23,4.75,5.24,9.5,15.25,0.22,-0.05,-0.54,0.87,1.55
2008-09-16,2.64,31.7,6.1,218.877,1.69,0.67,8.21,9.28,11.46,10.96,18.43,0.0,0.5,1.1,1.1,1.5,1.7,0.19,1.41,4.94,7.43,13.59,0.24,0.46,0.19,0.71,1.73
2008-10-29,0.67,66.96,6.5,216.995,2.24,-1.97,35.26,43.47,44.54,39.64,53.75,0.4,0.4,0.9,1.5,1.8,2.1,-1.88,-1.69,-0.47,4.82,10.24,0.55,0.79,1.01,0.84,2.29
2008-12-16,0.18,56.76,7.3,211.398,1.78,-0.49,-10.2,25.06,33.27,24.52,41.23,0.8,1.2,1.2,2.2,2.6,2.7,-5.6,-7.48,-7.29,-2.05,4.16,-0.46,0.09,0.33,-0.21,1.6
2009-01-28,0.18,42.25,7.8,211.933,1.72,0.0,-14.51,-24.71,10.55,22.01,19.31,0.5,1.3,1.7,2.8,2.8,3.2,0.53,-5.06,-6.94,-2.01,4.27,-0.06,-0.52,0.03,0.22,1.46
2009-03-18,0.2,40.8,8.7,212.495,1.97,0.02,-1.45,-15.96,-26.16,18.38,14.32,0.9,1.4,2.2,3.1,3.7,4.0,0.56,1.1,-4.5,-4.97,3.95,0.25,0.19,-0.27,0.74,1.57
2009-04-29,0.16,37.95,9.0,212.709,2.1,-0.04,-2.85,-4.3,-18.81,14.46,16.88,0.3,1.2,1.7,2.9,3.9,4.3,0.21,0.78,1.31,-5.98,3.52,0.13,0.38,0.32,0.65,1.52
2009-06-24,0.24,30.58,9.5,214.79,2.51,0.08,-7.37,-10.22,-11.67,-1.12,9.84,0.5,0.8,1.7,3.4,4.5,4.5,2.08,2.29,2.86,-4.09,3.34,0.41,0.54,0.79,0.82,1.53
2009-08-12,0.16,25.99,9.6,215.445,2.5,-0.08,-4.59,-11.96,-14.81,-40.97,-1.33,0.1,0.6,0.9,3.1,4.0,4.6,0.66,2.74,2.95,-1.55,3.27,-0.01,0.4,0.53,0.26,1.1
2009-09-23,0.15,23.08,9.8,215.861,2.44,-0.01,-2.91,-7.5,-14.87,-33.68,-9.16,0.2,0.3,0.8,2.5,3.7,4.7,0.42,1.07,3.15,4.46,2.41,-0.06,-0.07,0.34,0.66,0.45
2009-11-04,0.12,28.81,9.9,217.234,2.58,-0.03,5.73,2.82,-1.77,-13.44,8.57,0.1,0.3,0.4,2.1,3.8,4.9,1.37,1.79,2.44,5.3,3.29,0.14,0.08,0.07,0.86,1.08
2009-12-16,0.13,21.49,9.9,217.347,2.72,0.01,-7.32,-1.59,-4.5,-19.31,-0.93,0.0,0.1,0.3,1.2,3.4,4.3,0.11,1.49,1.9,4.85,-0.12,0.14,0.28,0.22,0.75,1.49
2010-01-27,0.12,24.55,9.8,217.488,2.78,-0.01,3.06,-4.26,1.47,-13.4,1.06,-0.1,-0.1,0.0,0.8,2.5,3.7,0.14,0.25,1.63,4.78,-1.2,0.06,0.2,0.34,0.68,1.33
2010-03-16,0.2,18.0,9.9,217.353,2.75,0.08,-6.55,-3.49,-10.81,-12.58,-13.7,0.1,0.0,0.0,0.4,2.1,3.8,-0.13,0.01,0.12,2.56,-1.52,-0.03,0.03,0.17,0.24,1.06
2010-04-28,0.2,22.81,9.9,217.403,2.68,0.0,4.81,-1.74,1.32,-3.18,-44.15,0.0,0.1,0.0,0.3,1.2,3.4,0.05,-0.09,0.06,1.96,0.41,-0.07,-0.1,-0.04,0.18,0.44
2010-06-23,0.18,27.05,9.4,217.199,2.47,-0.02,4.24,9.05,2.5,3.97,-29.71,-0.5,-0.5,-0.4,-0.4,0.4,2.1,-0.2,-0.15,-0.29,1.34,5.8,-0.21,-0.28,-0.31,0.03,0.69
2010-08-10,0.18,22.14,9.5,217.923,2.32,0.0,-4.91,-0.67,4.14,-6.67,-20.11,0.1,-0.4,-0.4,-0.4,0.0,1.7,0.72,0.52,0.57,0.69,5.99,-0.15,-0.36,-0.43,-0.26,0.6
2010-09-21,0.21,21.5,9.5,218.275,2.25,0.03,-0.64,-5.55,-1.31,0.01,-19.3,0.0,0.1,-0.4,-0.4,-0.1,0.8,0.35,1.08,0.87,0.93,5.78,-0.07,-0.22,-0.43,-0.47,0.28
2010-11-03,0.2,21.57,9.8,219.59,2.29,-0.01,0.07,-0.57,-5.48,-2.98,-16.38,0.3,0.3,0.4,0.0,0.0,0.8,1.31,1.67,2.39,2.1,6.88,0.04,-0.03,-0.18,-0.49,0.19
2010-12-14,0.17,17.55,9.3,220.472,2.68,-0.03,-4.02,-3.95,-4.59,-0.45,-13.03,-0.5,-0.2,-0.2,-0.6,-0.6,-0.2,0.88,2.2,2.55,3.12,5.68,0.39,0.43,0.36,-0.07,0.17
2011-01-26,0.17,17.59,9.1,221.187,2.73,0.0,0.04,-3.98,-3.91,-5.22,-8.4,-0.2,-0.7,-0.4,-0.8,-0.8,-0.5,0.72,1.6,2.91,3.78,5.74,0.05,0.44,0.48,0.05,0.23
2011-03-15,0.14,21.13,9.0,223.046,2.75,-0.03,3.54,3.58,-0.44,-5.92,-1.95,-0.1,-0.3,-0.8,-0.4,-0.8,-0.8,1.86,2.57,3.46,5.85,7.19,0.02,0.07,0.46,0.28,0.31
2011-04-27,0.09,15.62,9.1,224.093,2.69,-0.05,-5.51,-1.97,-1.93,-6.52,-13.19,0.1,0.0,-0.2,-0.4,-0.8,-0.8,1.05,2.91,3.62,6.17,6.86,-0.06,-0.04,0.01,0.37,0.11
2011-06-22,0.09,18.86,9.1,224.806,2.59,0.0,3.24,-2.27,1.27,-2.64,-2.63,0.0,0.1,0.0,-0.4,-0.8,-0.8,0.71,1.76,3.62,6.53,7.46,-0.1,-0.16,-0.14,0.34,-0.13
2011-08-09,0.11,48.0,9.0,226.106,2.13,0.02,29.14,32.38,26.87,26.43,23.45,-0.1,-0.1,0.0,-0.8,-0.4,-0.8,1.3,2.01,3.06,6.52,8.62,-0.46,-0.56,-0.62,-0.16,-0.65
2011-09-21,0.09,32.86,9.0,226.597,1.77,-0.02,-15.14,14.0,17.24,15.31,14.86,0.0,-0.1,-0.1,-0.3,-0.5,-0.9,0.49,1.79,2.5,6.12,9.24,-0.36,-0.82,-0.92,-0.91,-0.98
2011-11-02,0.08,34.77,8.6,227.169,1.78,-0.01,1.91,-13.23,15.91,17.18,11.96,-0.4,-0.4,-0.5,-0.5,-0.9,-1.3,0.57,1.06,2.36,5.98,9.77,0.01,-0.35,-0.81,-0.95,-0.9
2011-12-13,0.07,25.67,8.5,227.223,1.79,-0.01,-9.1,-7.19,-22.33,4.54,-1.38,-0.1,-0.5,-0.5,-0.5,-1.3,-0.9,0.05,0.63,1.12,4.18,10.02,0.01,0.02,-0.34,-0.96,-0.68
2012-01-25,0.09,18.91,8.3,227.842,1.84,0.02,-6.76,-15.86,-13.95,3.29,-3.23,-0.2,-0.3,-0.7,-0.8,-1.0,-1.2,0.62,0.67,1.25,3.75,9.92,0.05,0.06,0.07,-0.85,-0.48
2012-03-13,0.12,15.64,8.2,228.807,1.71,0.03,-3.27,-10.03,-19.13,-3.22,-5.86,-0.1,-0.3,-0.4,-0.9,-0.9,-1.3,0.96,1.58,1.64,4.0,10.53,-0.13,-0.08,-0.07,-0.88,-0.54
2012-04-25,0.14,18.1,8.2,229.187,1.73,0.02,2.46,-0.81,-7.57,-29.9,-3.47,0.0,-0.1,-0.3,-0.8,-0.8,-1.6,0.38,1.34,1.96,3.08,9.6,0.02,-0.11,-0.06,-0.4,-0.56
2012-06-20,0.17,18.38,8.2,228.524,1.34,0.03,0.28,2.74,-0.53,-14.48,0.83,0.0,0.0,-0.1,-0.8,-0.9,-1.1,-0.66,-0.28,0.68,1.93,8.05,-0.39,-0.37,-0.5,-0.43,-1.34
2012-09-13,0.15,15.8,7.8,231.015,1.52,-0.02,-2.58,-2.3,0.16,-18.97,-1.79,-0.4,-0.4,-0.4,-0.8,-1.3,-1.3,2.49,1.83,2.21,3.85,9.83,0.18,-0.21,-0.19,-0.26,-1.21
2012-10-24,0.15,18.83,7.8,231.638,1.5,0.0,3.03,0.45,0.73,-6.84,-2.3,0.0,-0.4,-0.4,-0.7,-1.2,-1.2,0.62,3.11,2.45,4.41,8.59,-0.02,0.16,-0.23,-0.29,-1.25
2012-12-12,0.17,15.57,7.9,231.221,1.42,0.02,-3.26,-0.23,-2.81,-3.34,-0.05,0.1,0.1,-0.3,-0.4,-1.1,-1.2,-0.42,0.21,2.7,3.38,7.13,-0.08,-0.1,0.08,-0.42,-1.27
2013-01-30,0.12,13.31,8.0,231.679,1.73,-0.05,-2.26,-5.52,-2.49,-2.33,-5.55,0.1,0.2,0.2,-0.2,-0.6,-1.1,0.46,0.04,0.66,2.87,6.87,0.31,0.23,0.21,0.02,-0.86
2013-03-20,0.15,14.39,7.5,232.282,1.68,0.03,1.08,-1.18,-4.44,-3.71,-33.61,-0.5,-0.4,-0.3,-0.7,-1.0,-1.5,0.6,1.06,0.64,3.09,6.18,-0.05,0.26,0.18,-0.05,-0.45
2013-06-19,0.12,16.61,7.5,232.445,1.93,-0.03,2.22,3.3,1.04,-1.77,-16.25,0.0,-0.5,-0.4,-0.7,-0.8,-1.5,0.16,0.77,1.22,3.92,5.85,0.25,0.2,0.51,0.59,0.16
2013-07-31,0.09,13.39,7.3,232.9,2.3,-0.03,-3.22,-1.0,0.08,-2.41,-21.38,-0.2,-0.2,-0.7,-0.5,-0.9,-1.3,0.46,0.62,1.22,1.89,5.73,0.37,0.62,0.57,0.78,0.52
2013-09-18,0.08,14.53,7.2,233.544,2.47,-0.01,1.14,-2.08,0.14,-4.3,-11.14,-0.1,-0.3,-0.3,-0.6,-1.0,-1.3,0.64,1.1,1.26,1.91,6.32,0.17,0.54,0.79,0.97,0.68
2013-10-30,0.08,13.41,7.2,233.669,2.22,0.0,-1.12,0.02,-3.2,-2.16,-5.5,0.0,-0.1,-0.3,-0.7,-1.0,-1.1,0.12,0.77,1.22,2.45,5.83,-0.25,-0.08,0.29,0.8,0.38
2013-12-18,0.09,16.21,6.7,234.719,2.51,0.01,2.8,1.68,2.82,2.9,0.57,-0.5,-0.5,-0.6,-1.3,-1.1,-1.5,1.05,1.17,1.82,3.04,5.91,0.29,0.04,0.21,0.78,0.8
2014-01-29,0.07,15.8,6.6,235.288,2.39,-0.02,-0.41,2.39,1.27,1.41,-2.3,-0.1,-0.6,-0.6,-0.9,-1.2,-1.6,0.57,1.62,1.74,3.01,6.1,-0.12,0.17,-0.08,0.71,0.66
2014-03-19,0.08,14.52,6.7,236.028,2.32,0.01,-1.28,-1.69,1.11,-2.09,-3.86,0.1,0.0,-0.5,-0.8,-1.2,-1.5,0.74,1.31,2.36,3.58,7.5,-0.07,-0.19,0.1,0.39,0.98
2014-04-30,0.1,13.71,6.2,236.468,2.27,0.02,-0.81,-2.09,-2.5,0.32,-2.09,-0.5,-0.4,-0.5,-1.1,-1.8,-1.6,0.44,1.18,1.75,3.57,5.45,-0.05,-0.12,-0.24,-0.03,0.75
2014-06-18,0.1,12.06,6.1,237.231,2.15,0.0,-1.65,-2.46,-3.74,-2.47,-6.77,-0.1,-0.6,-0.5,-1.1,-1.4,-1.7,0.76,1.2,1.94,3.69,5.59,-0.12,-0.17,-0.24,-0.32,0.65
2014-07-30,0.09,13.28,6.2,237.498,1.93,-0.01,1.22,-0.43,-1.24,-0.13,-2.29,0.1,0.0,-0.5,-1.0,-1.3,-1.7,0.27,1.03,1.47,3.83,6.28,-0.22,-0.34,-0.39,-0.29,0.51
2014-09-17,0.09,12.73,5.9,237.477,2.05,0.0,-0.55,0.67,-0.98,-3.48,-0.58,-0.3,-0.2,-0.3,-0.8,-1.4,-2.1,-0.02,0.25,1.01,2.76,5.8,0.12,-0.1,-0.22,-0.46,0.32
2014-10-29,0.09,14.39,5.7,237.43,1.88,0.0,1.66,1.11,2.33,-1.41,0.0,-0.2,-0.5,-0.4,-0.9,-1.5,-1.8,-0.05,-0.07,0.2,2.14,5.15,-0.17,-0.05,-0.27,-0.51,0.2
2014-12-17,0.12,23.57,5.6,236.252,1.49,0.03,9.18,10.84,10.29,9.05,6.96,-0.1,-0.3,-0.6,-1.1,-1.6,-1.9,-1.18,-1.22,-1.25,0.22,3.81,-0.39,-0.56,-0.44,-0.83,-0.44
2015-01-28,0.11,17.22,5.7,234.747,1.29,-0.01,-6.35,2.83,4.49,3.51,3.83,0.1,0.0,-0.2,-0.5,-1.0,-1.6,-1.5,-2.68,-2.73,-1.72,1.85,-0.2,-0.59,-0.76,-0.98,-1.01
2015-03-18,0.12,15.66,5.4,235.976,1.36,0.01,-1.56,-7.91,1.27,3.6,1.13,-0.3,-0.2,-0.3,-0.7,-1.2,-1.8,1.23,-0.28,-1.45,-1.25,2.43,0.07,-0.13,-0.52,-0.79,-1.11
2015-04-29,0.13,12.41,5.4,236.222,1.44,0.01,-3.25,-4.81,-11.16,-0.87,-1.0,0.0,-0.3,-0.2,-0.8,-1.3,-1.8,0.25,1.47,-0.03,-1.28,2.55,0.08,0.15,-0.05,-0.49,-0.78
2015-06-17,0.14,14.81,5.3,237.657,1.61,0.01,2.4,-0.85,-2.41,2.08,-1.4,-0.1,-0.1,-0.4,-0.6,-0.9,-1.4,1.44,1.68,2.91,0.18,2.94,0.17,0.25,0.32,-0.44,-0.9
2015-07-29,0.14,13.44,5.2,238.034,1.57,0.0,-1.37,1.03,-2.22,-0.95,-2.36,-0.1,-0.2,-0.2,-0.5,-0.9,-1.4,0.38,1.81,2.06,0.6,2.75,-0.04,0.13,0.21,-0.31,-0.82
2015-09-17,0.14,21.35,5.0,237.498,1.48,0.0,7.91,6.54,8.94,-2.22,6.83,-0.2,-0.3,-0.4,-0.6,-1.2,-1.7,-0.54,-0.16,1.28,1.25,1.47,-0.09,-0.13,0.04,-0.01,-0.84
2015-10-28,0.12,15.43,5.0,237.733,1.4,-0.02,-5.92,1.99,0.62,-1.79,1.72,0.0,-0.2,-0.3,-0.7,-0.9,-1.2,0.24,-0.3,0.08,2.99,1.27,-0.08,-0.17,-0.21,0.11,-0.87
2015-12-16,0.15,20.95,5.0,237.761,1.3,0.03,5.52,-0.4,7.51,5.29,8.89,0.0,0.0,-0.2,-0.4,-0.7,-1.1,0.03,0.26,-0.27,1.78,0.53,-0.1,-0.18,-0.27,-0.06,-0.85
2016-01-27,0.38,22.5,4.8,237.652,1.16,0.23,1.55,7.07,1.15,10.09,9.22,-0.2,-0.2,-0.2,-0.6,-0.8,-1.4,-0.11,-0.08,0.15,1.43,0.15,-0.14,-0.24,-0.32,-0.28,-0.77
2016-03-16,0.37,16.84,5.0,238.08,0.99,-0.01,-5.66,-4.11,1.41,2.03,4.11,0.2,0.0,0.0,-0.3,-0.7,-0.9,0.43,0.32,0.35,0.42,0.6,-0.17,-0.31,-0.41,-0.62,-1.06
2016-04-27,0.37,13.96,5.1,238.992,1.08,0.0,-2.88,-8.54,-6.99,0.52,-0.43,0.1,0.3,0.1,-0.1,-0.3,-0.6,0.91,1.34,1.23,0.96,1.56,0.09,-0.08,-0.22,-0.49,-0.8
2016-06-15,0.37,20.5,4.9,240.222,0.88,0.0,6.54,3.66,-2.0,-0.85,-3.07,-0.2,-0.1,0.1,-0.1,-0.5,-0.7,1.23,2.14,2.57,2.72,3.97,-0.2,-0.11,-0.28,-0.6,-0.61
2016-07-27,0.4,13.05,4.8,240.101,0.82,0.03,-7.45,-0.91,-3.79,-2.38,-4.17,-0.1,-0.3,-0.2,-0.2,-0.5,-0.9,-0.12,1.11,2.02,2.37,5.35,-0.06,-0.26,-0.17,-0.58,-0.47
2016-09-21,0.4,15.92,5.0,241.176,0.9,0.0,2.87,-4.58,1.96,-5.03,0.26,0.2,0.1,-0.1,0.0,-0.2,-0.4,1.07,0.95,2.18,3.41,5.2,0.08,0.02,-0.18,-0.4,-0.46
2016-11-02,0.41,18.56,4.7,242.026,1.0,0.01,2.64,5.51,-1.94,-3.94,6.15,-0.3,-0.1,-0.2,-0.1,-0.3,-0.7,0.85,1.93,1.8,4.37,5.8,0.1,0.18,0.12,-0.16,-0.44
2016-12-14,0.41,12.72,4.7,242.637,1.31,0.0,-5.84,-3.2,-0.33,-4.12,-2.09,0.0,-0.3,-0.1,-0.3,-0.3,-0.6,0.61,1.46,2.54,4.56,4.98,0.31,0.41,0.49,0.32,-0.3
2017-03-15,0.66,12.3,4.4,243.892,1.2,0.25,-0.42,-6.26,-3.62,-1.66,-1.14,-0.3,-0.3,-0.6,-0.7,-0.6,-0.8,1.25,1.87,2.72,4.9,5.86,-0.11,0.2,0.3,0.12,-0.37
2017-05-03,0.91,10.59,4.4,244.004,1.02,0.25,-1.71,-2.13,-7.97,-9.91,-10.76,0.0,-0.3,-0.3,-0.5,-0.4,-0.6,0.11,1.37,1.98,3.78,6.51,-0.18,-0.29,0.02,0.14,-0.46
2017-06-14,0.91,10.42,4.3,244.163,0.83,0.0,-0.17,-1.88,-2.3,-2.63,-5.01,-0.1,-0.1,-0.4,-0.5,-0.7,-0.7,0.16,0.27,1.53,4.06,6.43,-0.19,-0.37,-0.48,0.01,-0.57
2017-07-26,1.16,9.43,4.3,244.243,0.93,0.25,-0.99,-1.16,-2.87,-6.49,-11.52,0.0,-0.1,-0.1,-0.7,-0.8,-0.7,0.08,0.24,0.35,3.07,6.48,0.1,-0.09,-0.27,0.03,-0.37
2017-09-20,1.16,10.18,4.3,246.435,0.84,0.0,0.75,-0.24,-0.41,-8.38,-12.32,0.0,0.0,-0.1,-0.4,-0.6,-0.5,2.19,2.27,2.43,4.41,8.78,-0.09,0.01,-0.18,-0.16,-0.32
2017-12-13,1.17,9.92,4.1,247.805,0.57,0.01,-0.26,0.49,-0.5,-2.8,-6.92,-0.2,-0.2,-0.2,-0.6,-0.7,-0.9,1.37,3.56,3.64,5.17,9.72,-0.27,-0.36,-0.26,-0.74,-0.42
2018-01-31,1.42,14.79,4.0,248.859,0.6,0.25,4.87,4.61,5.36,2.49,0.83,-0.1,-0.3,-0.3,-0.4,-1.0,-1.1,1.05,2.42,4.62,4.97,9.87,0.03,-0.24,-0.33,-0.6,-0.48
2018-03-21,1.44,18.2,4.0,249.577,0.55,0.02,3.41,8.28,8.02,7.61,-2.3,0.0,-0.1,-0.3,-0.4,-0.7,-0.9,0.72,1.77,3.14,5.57,9.35,-0.05,-0.02,-0.29,-0.47,-0.33
2018-05-02,1.7,15.49,3.8,250.792,0.47,0.26,-2.71,0.7,5.57,5.07,2.44,-0.2,-0.2,-0.3,-0.5,-0.9,-1.0,1.22,1.93,2.99,6.63,10.69,-0.08,-0.13,-0.1,-0.36,-0.35
2018-06-13,1.7,12.34,4.0,251.018,0.42,0.0,-3.15,-5.86,-2.45,2.91,-3.58,0.2,0.0,0.0,-0.3,-0.4,-1.0,0.23,1.44,2.16,6.78,9.84,-0.05,-0.13,-0.18,-0.51,-0.48
2018-09-26,1.93,12.42,3.7,252.182,0.27,0.23,0.08,-3.07,-5.78,2.24,-6.14,-0.3,-0.1,-0.3,-0.6,-0.7,-1.0,1.16,1.39,2.6,5.75,10.16,-0.15,-0.2,-0.28,-0.57,-0.73
2018-11-08,2.2,16.36,3.8,252.594,0.26,0.27,3.94,4.02,0.87,6.44,3.64,0.1,-0.2,0.0,-0.3,-0.5,-0.9,0.41,1.58,1.8,4.79,9.96,-0.01,-0.16,-0.21,-0.31,-1.05
2018-12-19,2.2,25.58,3.9,252.767,0.17,0.0,9.22,13.16,13.24,10.79,13.28,0.1,0.2,-0.1,-0.1,-0.4,-0.5,0.17,0.59,1.75,3.91,8.88,-0.09,-0.1,-0.25,-0.43,-1.03
2019-01-30,2.4,19.13,4.0,252.561,0.16,0.2,-6.45,2.77,6.71,0.93,8.54,0.1,0.2,0.3,0.0,-0.3,-0.4,-0.21,-0.03,0.38,2.98,8.56,-0.01,-0.1,-0.11,-0.39,-0.86
2019-03-20,2.4,13.56,3.8,254.277,0.15,0.0,-5.57,-12.02,-2.8,-1.93,3.14,-0.2,-0.1,0.0,0.0,-0.3,-0.5,1.72,1.51,1.68,3.48,10.11,-0.01,-0.02,-0.11,-0.32,-0.68
2019-06-19,2.37,15.15,3.6,255.213,0.2,-0.03,1.59,-3.98,-10.43,2.81,5.72,-0.2,-0.4,-0.3,-0.4,-0.4,-0.7,0.94,2.65,2.45,4.19,10.97,0.05,0.04,0.03,-0.22,-0.73
2019-07-31,2.39,13.94,3.7,255.802,0.21,0.02,-1.21,0.38,-5.19,1.52,3.76,0.1,-0.1,-0.3,0.0,-0.3,-0.6,0.59,1.53,3.24,3.62,9.37,0.01,0.06,0.05,-0.06,-0.63
2019-09-18,2.3,14.44,3.5,256.43,0.09,-0.09,0.5,-0.71,0.88,-1.92,4.52,-0.2,-0.1,-0.3,-0.3,-0.3,-0.6,0.63,1.22,2.15,3.84,8.62,-0.12,-0.11,-0.06,-0.17,-0.48
2019-10-30,1.82,13.2,3.6,257.155,0.2,-0.48,-1.24,-0.74,-1.95,-12.38,-1.59,0.1,-0.1,0.0,-0.3,-0.4,-0.4,0.72,1.35,1.94,4.39,8.3,0.11,-0.01,0.0,0.03,-0.4
2019-12-11,1.55,15.68,3.6,258.63,0.2,-0.27,2.48,1.24,1.74,-3.45,-2.52,0.0,0.1,-0.1,-0.4,-0.1,-0.4,1.48,2.2,2.83,6.07,9.05,0.0,0.11,-0.01,0.04,-0.35
2020-01-29,1.55,16.28,3.6,259.127,0.2,0.0,0.6,3.08,1.84,2.72,0.79,0.0,0.0,0.1,-0.2,-0.2,-0.2,0.5,1.97,2.7,4.85,8.34,0.0,0.0,0.11,0.05,-0.27
2020-04-29,0.04,33.57,14.8,256.032,0.42,-1.51,17.29,17.89,20.37,18.42,21.23,11.2,11.2,11.2,11.2,10.9,10.8,-3.1,-2.6,-1.12,0.82,5.01,0.22,0.22,0.22,0.22,0.0
2020-06-10,0.07,27.57,11.0,257.042,0.64,0.03,-6.0,11.29,11.89,13.63,15.15,-3.8,7.4,7.4,7.3,7.0,7.3,1.01,-2.09,-1.59,1.24,4.86,0.22,0.44,0.44,0.43,0.37
2020-07-29,0.1,25.44,10.2,258.352,0.45,0.03,-2.13,-8.13,9.16,11.0,9.08,-0.8,-4.6,6.6,6.7,6.4,6.4,1.31,2.32,-0.78,1.92,5.76,-0.19,0.03,0.25,0.36,0.19
2020-09-16,0.09,25.59,7.8,259.997,0.54,-0.01,0.15,-1.98,-7.98,12.39,0.01,-2.4,-3.2,-7.0,4.2,4.2,3.9,1.65,2.96,3.97,2.84,7.23,0.09,-0.1,0.12,0.34,0.37
2020-11-05,0.09,29.57,6.7,260.911,0.64,0.0,3.98,4.13,2.0,13.89,10.44,-1.1,-3.5,-4.3,3.1,3.0,2.7,0.91,2.56,3.87,2.28,8.35,0.1,0.19,0.0,0.44,0.48
2020-12-16,0.09,22.89,6.7,262.045,0.81,0.0,-6.68,-2.7,-2.55,6.61,9.33,0.0,-1.1,-3.5,3.1,3.2,2.9,1.13,2.05,3.69,2.92,7.77,0.17,0.27,0.36,0.61,0.66
2021-01-27,0.08,23.02,6.4,262.639,0.94,-0.01,0.13,-6.55,-2.57,-10.55,7.87,-0.3,-0.3,-1.4,-8.4,2.8,2.8,0.59,1.73,2.64,6.61,7.43,0.13,0.3,0.4,0.52,0.74
2021-03-17,0.07,19.79,6.1,264.847,1.47,-0.01,-3.23,-3.1,-9.78,-7.78,5.85,-0.3,-0.6,-0.6,-4.9,2.5,2.4,2.21,2.8,3.94,7.81,9.04,0.53,0.66,0.83,0.83,1.26
2021-04-28,0.07,17.56,6.1,266.625,1.46,0.0,-2.23,-5.46,-5.33,-7.88,3.12,0.0,-0.3,-0.6,-4.1,2.5,2.6,1.78,3.99,4.58,8.27,10.19,-0.01,0.52,0.65,1.01,1.37
2021-06-16,0.06,17.02,5.9,270.71,1.35,-0.01,-0.54,-2.77,-6.0,-8.57,3.82,-0.2,-0.2,-0.5,-1.9,-8.9,2.3,4.08,5.86,8.07,10.71,13.56,-0.11,-0.12,0.41,0.81,1.15
2021-07-28,0.1,19.36,5.4,271.965,1.05,0.04,2.34,1.8,-0.43,-10.21,3.68,-0.5,-0.7,-0.7,-1.3,-5.6,1.8,1.25,5.34,7.12,11.05,13.33,-0.3,-0.41,-0.42,0.41,0.85
2021-09-22,0.08,24.36,4.7,273.942,1.11,-0.02,5.0,7.34,6.8,1.47,8.08,-0.7,-1.2,-1.4,-2.0,-5.5,1.1,1.98,3.23,7.32,11.9,14.81,0.06,-0.24,-0.35,0.3,0.91
2021-11-03,0.08,16.03,4.2,278.824,1.1,0.0,-8.33,-3.33,-0.99,-6.99,-17.54,-0.5,-1.2,-1.7,-2.2,-3.6,-10.6,4.88,6.86,8.11,16.19,22.79,-0.01,0.05,-0.25,0.16,0.68
2021-12-15,0.08,21.89,3.9,280.806,0.77,0.0,5.86,-2.47,2.53,2.1,-5.68,-0.3,-0.8,-1.5,-2.2,-2.8,-7.1,1.98,6.86,8.84,15.96,23.76,-0.33,-0.34,-0.28,-0.7,0.13
2022-01-26,0.08,31.16,4.0,282.542,0.76,0.0,9.27,15.13,6.8,13.6,5.72,0.1,-0.2,-0.7,-2.1,-2.7,-6.2,1.74,3.72,8.6,15.92,24.19,-0.01,-0.34,-0.35,-0.7,0.31
2022-03-16,0.08,29.83,3.7,287.467,0.3,0.0,-1.33,7.94,13.8,12.81,4.24,-0.3,-0.2,-0.5,-2.2,-2.7,-4.1,4.93,6.66,8.64,16.76,27.47,-0.46,-0.47,-0.8,-1.05,-0.24
2022-05-04,0.33,29.25,3.6,291.299,0.19,0.25,-0.58,-1.91,7.36,9.89,-0.32,-0.1,-0.4,-0.3,-1.8,-2.5,-3.1,3.83,8.76,10.49,19.33,30.39,-0.11,-0.57,-0.58,-0.86,-0.45
2022-06-15,0.83,32.69,3.6,295.072,0.04,0.5,3.44,2.86,1.53,8.33,9.8,0.0,-0.1,-0.4,-1.1,-2.5,-3.1,3.77,7.61,12.53,21.13,33.03,-0.15,-0.26,-0.72,-1.07,-0.77
2022-07-27,1.58,24.69,3.5,294.94,-0.21,0.75,-8.0,-4.56,-5.14,8.66,1.67,-0.1,-0.1,-0.2,-0.7,-2.4,-2.9,-0.13,3.64,7.47,16.12,32.3,-0.25,-0.4,-0.51,-1.31,-1.15
2022-09-21,2.33,27.16,3.5,296.421,-0.39,0.75,2.47,-5.53,-2.09,5.27,7.37,0.0,-0.1,-0.1,-0.4,-1.9,-2.6,1.48,1.35,5.12,15.62,31.57,-0.18,-0.43,-0.58,-1.16,-1.86
2022-11-02,3.08,25.81,3.6,298.708,-0.47,0.75,-1.35,1.12,-6.88,-5.35,8.25,0.1,0.1,0.0,-0.4,-1.1,-2.5,2.29,3.77,3.64,16.17,32.08,-0.08,-0.26,-0.51,-1.23,-1.93
2022-12-14,3.83,22.55,3.5,298.808,-0.71,0.75,-3.26,-4.61,-2.14,-7.28,5.53,-0.1,0.0,0.0,-0.2,-0.7,-2.4,0.1,2.39,3.87,11.34,28.1,-0.24,-0.32,-0.5,-1.01,-2.06
2023-02-01,4.33,19.4,3.5,300.456,-0.69,0.5,-3.15,-6.41,-7.76,-9.85,0.04,0.0,-0.1,0.0,-0.1,-0.4,-1.9,1.65,1.75,4.04,9.16,28.49,0.02,-0.22,-0.3,-0.88,-1.74
2023-03-22,4.58,21.38,3.5,301.643,-0.58,0.25,1.98,-1.17,-4.43,-11.31,-2.98,0.0,0.0,-0.1,-0.1,-0.5,-1.2,1.19,2.83,2.93,6.57,27.7,0.11,0.13,-0.11,-0.62,-1.69
2023-05-03,4.83,17.78,3.6,303.316,-0.53,0.25,-3.6,-1.62,-4.77,-6.91,1.75,0.1,0.1,0.1,0.1,-0.1,-0.6,1.67,2.86,4.51,8.38,24.49,0.05,0.16,0.18,-0.32,-1.63
2023-06-14,5.08,14.61,3.6,304.099,-0.83,0.25,-3.17,-6.77,-4.79,-12.55,-7.28,0.0,0.1,0.1,0.1,0.0,-0.3,0.78,2.46,3.64,7.68,23.29,-0.3,-0.25,-0.14,-0.44,-1.6
2023-07-26,5.08,13.86,3.5,304.615,-0.94,0.0,-0.75,-3.92,-7.52,-11.95,-17.3,-0.1,-0.1,0.0,-0.1,-0.1,-0.5,0.52,1.3,2.97,5.91,22.07,-0.11,-0.41,-0.36,-0.47,-1.7
2023-09-20,5.33,14.11,3.8,307.374,-0.71,0.25,0.25,-0.5,-3.67,-8.44,-15.72,0.3,0.2,0.2,0.3,0.3,0.1,2.76,3.28,4.06,8.57,19.91,0.23,0.12,-0.18,0.0,-1.01
2023-11-01,5.33,18.14,3.9,307.653,-0.19,0.0,4.03,4.28,3.53,-1.26,-11.11,0.1,0.4,0.3,0.4,0.4,0.3,0.28,3.04,3.55,7.2,16.35,0.52,0.75,0.64,0.5,-0.38
2023-12-13,5.33,12.07,3.8,308.735,-0.53,0.0,-6.07,-2.04,-1.79,-9.31,-20.62,-0.1,0.0,0.3,0.3,0.2,0.2,1.08,1.36,4.12,7.09,13.66,-0.34,0.18,0.41,0.05,-0.57
2024-01-31,5.33,13.31,3.7,309.794,-0.3,0.0,1.24,-4.83,-0.8,-4.47,-11.38,-0.1,-0.2,-0.1,0.1,0.2,0.2,1.06,2.14,2.42,6.48,14.85,0.23,-0.11,0.41,0.23,-0.09
2024-03-20,5.33,13.82,3.9,312.107,-0.38,0.0,0.51,1.75,-4.32,-0.79,-13.34,0.2,0.1,0.0,0.3,0.4,0.4,2.31,3.37,4.45,8.01,15.69,-0.08,0.15,-0.19,0.45,0.01
2024-05-01,5.33,15.65,3.9,313.016,-0.35,0.0,1.83,2.34,3.58,1.79,-10.16,0.0,0.2,0.1,0.4,0.4,0.3,0.91,3.22,4.28,8.4,14.31,0.03,-0.05,0.18,0.59,0.12
2024-06-12,5.33,12.85,4.1,313.131,-0.42,0.0,-2.8,-0.97,-0.46,-1.26,-9.7,0.2,0.2,0.4,0.3,0.5,0.6,0.11,1.02,3.34,5.76,14.32,-0.07,-0.04,-0.12,0.29,0.29
2024-07-31,5.33,17.69,4.2,313.566,-0.2,0.0,4.84,2.04,3.87,-0.45,-1.71,0.1,0.3,0.3,0.3,0.6,0.7,0.44,0.55,1.46,5.91,13.11,0.22,0.15,0.18,-0.01,0.49
2024-09-18,5.33,17.61,4.1,314.851,0.06,0.0,-0.08,4.76,1.96,5.54,-3.77,-0.1,0.0,0.2,0.3,0.6,0.6,1.29,1.72,1.83,6.12,13.21,0.26,0.48,0.41,0.59,0.64
2024-11-07,4.83,16.27,4.2,316.449,0.15,-0.5,-1.34,-1.42,3.42,2.96,-1.51,0.1,0.0,0.1,0.5,0.4,0.6,1.6,2.88,3.32,6.66,13.13,0.09,0.35,0.57,0.45,0.68
2024-12-18,4.58,15.87,4.1,317.603,0.15,-0.25,-0.4,-1.74,-1.82,2.05,1.26,-0.1,0.0,-0.1,0.2,0.2,0.5,1.15,2.75,4.04,5.5,13.5,0.0,0.09,0.35,0.53,0.98
2025-01-29,4.33,16.41,4.0,319.086,0.36,-0.25,0.54,0.14,-1.2,0.76,2.55,-0.1,-0.2,-0.1,0.1,0.2,0.5,1.48,2.64,4.24,6.07,14.47,0.21,0.21,0.3,0.71,1.3
2025-03-19,4.33,21.7,4.2,319.615,0.25,0.0,5.29,5.83,5.43,8.85,7.59,0.2,0.1,0.0,0.1,0.5,0.4,0.53,2.01,3.17,6.48,12.24,-0.11,0.1,0.1,0.67,0.96
2025-05-07,4.33,24.76,4.2,320.58,0.52,0.0,3.06,8.35,8.89,7.07,6.62,0.0,0.2,0.1,0.0,0.3,0.3,0.96,1.49,2.98,7.01,12.93,0.27,0.16,0.37,0.72,0.71
2025-06-18,4.33,21.6,4.1,321.5,0.45,0.0,-3.16,-0.1,5.19,3.99,9.53,-0.1,-0.1,0.1,0.0,0.2,0.3,0.92,1.88,2.41,6.65,12.76,-0.07,0.2,0.09,0.39,0.98
2025-07-30,4.33,15.98,4.2,322.132,0.48,0.0,-5.62,-8.78,-5.72,-0.29,2.67,0.1,0.0,0.0,0.0,0.1,0.5,0.63,1.55,2.52,5.68,12.34,0.03,-0.04,0.23,0.33,0.78
2025-09-17,4.33,16.36,4.3,323.364,0.53,0.0,0.38,-5.24,-8.4,0.49,2.54,0.1,0.2,0.1,0.2,0.1,0.4,1.23,1.86,2.78,5.76,11.26,0.05,0.08,0.01,0.38,0.91
2025-10-29,4.1,20.64,4.3,323.364,0.56,-0.23,4.28,4.66,-0.96,4.23,4.99,0.0,0.1,0.2,0.3,0.2,0.4,0.0,1.23,1.86,4.28,10.35,0.03,0.08,0.11,0.2,0.91
