sentiment_score,text_comp_1,text_comp_2,text_comp_3,text_comp_4,text_comp_5,text_comp_6,text_comp_7,text_comp_8,text_comp_9,text_comp_10,observation_date,DFF,VIXCLS,VIXCLS_DIFF1,VIXCLS_DIFF2,VIXCLS_DIFF3,VIXCLS_DIFF6,VIXCLS_DIFF12,UNRATE,UNRATE_DIFF1,UNRATE_DIFF2,UNRATE_DIFF3,UNRATE_DIFF6,UNRATE_DIFF9,UNRATE_DIFF12,CPIAUCSL,CPIAUCSL_DIFF1,CPIAUCSL_DIFF2,CPIAUCSL_DIFF3,CPIAUCSL_DIFF6,CPIAUCSL_DIFF12,T10Y2Y,T10Y2Y_DIFF1,T10Y2Y_DIFF2,T10Y2Y_DIFF3,T10Y2Y_DIFF6,T10Y2Y_DIFF12
0.07,0.24,0.16,0.16,-0.05,-0.02,-0.0,-0.08,0.46,0.33,0.28,1994-02-04,3.12,10.75,0.14,0.1,0.12,-0.42,-0.88,6.6,0.0,0.1,0.0,-0.2,-0.5,-0.5,146.7,0.4,0.4,0.7,1.9,3.6,1.53,-0.04,-0.04,-0.05,-0.11,-0.07
-0.55,0.17,0.15,0.08,-0.06,-0.02,0.05,-0.17,0.46,0.35,0.32,1994-03-22,3.36,14.34,1.02,1.58,-0.17,-0.53,-2.02,6.5,-0.1,-0.1,0.0,-0.2,-0.5,-0.5,147.1,0.4,0.8,0.8,2.1,3.8,1.46,0.0,0.0,0.02,-0.05,-0.06
-0.54,0.12,0.14,0.04,-0.04,-0.04,0.04,-0.12,0.43,0.27,0.37,1994-03-22,3.36,14.34,1.02,1.58,-0.17,-0.53,-2.02,6.5,-0.1,-0.1,0.0,-0.2,-0.5,-0.5,147.1,0.4,0.8,0.8,2.1,3.8,1.46,0.0,0.0,0.02,-0.05,-0.06
0.76,0.22,0.49,-0.3,0.13,-0.39,-0.07,0.11,0.13,0.01,0.05,1994-05-17,4.29,14.67,0.13,-0.79,-0.88,-0.41,0.16,6.1,-0.3,-0.4,-0.5,-0.5,-0.7,-1.0,147.5,0.3,0.4,0.8,1.5,3.3,1.21,-0.03,-0.02,0.01,-0.02,-0.08
0.78,0.2,0.46,-0.3,0.23,-0.26,-0.02,0.07,0.15,-0.14,0.07,1994-08-16,4.5,12.06,0.97,-0.07,0.15,-0.28,0.03,6.0,-0.1,-0.1,-0.1,-0.6,-0.6,-0.8,149.0,0.6,1.1,1.5,2.3,4.2,1.04,-0.01,-0.06,-0.05,-0.06,-0.04
0.74,0.18,0.46,-0.3,0.24,-0.24,0.0,0.02,0.25,-0.14,0.09,1994-11-15,5.48,16.68,0.18,0.68,0.26,-0.07,1.01,5.6,-0.2,-0.3,-0.4,-0.5,-1.0,-1.0,149.8,0.4,0.5,0.8,2.3,3.8,0.88,-0.02,-0.04,-0.05,-0.11,-0.11
0.63,0.19,0.5,-0.33,0.21,-0.3,0.0,0.05,0.2,-0.09,0.08,1994-12-20,5.27,13.02,0.23,0.15,-0.01,-3.02,-3.67,5.5,-0.1,-0.3,-0.4,-0.6,-1.0,-1.0,150.1,0.3,0.7,0.8,2.2,3.8,0.22,0.0,-0.03,0.01,-0.04,-0.28
-0.1,0.24,0.19,0.04,-0.03,0.0,-0.03,-0.17,0.42,0.26,0.18,1995-07-06,7.41,12.1,-1.13,0.53,0.72,-0.27,0.89,5.7,0.1,0.1,-0.1,0.1,-0.1,-0.4,152.6,0.2,0.5,0.8,2.1,4.2,0.41,0.02,-0.01,-0.01,-0.04,-0.07
-0.04,0.26,0.22,0.05,-0.01,-0.07,-0.06,-0.2,0.34,0.26,0.13,1995-12-19,5.76,14.55,3.11,3.48,4.19,3.43,2.97,5.6,0.0,0.1,0.0,0.0,0.2,0.1,153.9,0.2,0.4,0.8,1.5,3.8,0.42,0.03,0.06,0.07,0.08,0.02
0.63,0.23,0.31,0.1,0.13,0.1,-0.01,-0.11,0.35,0.02,-0.29,1997-03-25,5.47,20.06,0.37,-1.16,-1.68,0.25,-0.42,5.2,0.0,-0.1,-0.2,0.0,-0.1,-0.3,159.8,0.1,0.4,0.7,2.1,4.3,0.43,-0.02,-0.05,-0.07,-0.1,-0.04
0.19,0.29,0.32,0.1,0.1,0.12,0.02,-0.09,0.32,-0.01,-0.32,1998-09-29,5.55,34.87,0.32,0.21,2.4,-3.76,-10.42,4.6,0.1,0.1,0.1,-0.1,-0.1,-0.3,163.5,0.1,0.3,0.7,1.5,2.3,0.16,-0.01,-0.05,-0.01,0.07,-0.03
0.42,0.17,0.57,-0.28,0.2,-0.29,-0.09,0.04,0.18,-0.1,-0.07,1998-09-29,5.55,34.87,0.32,0.21,2.4,-3.76,-10.42,4.6,0.1,0.1,0.1,-0.1,-0.1,-0.3,163.5,0.1,0.3,0.7,1.5,2.3,0.16,-0.01,-0.05,-0.01,0.07,-0.03
0.32,0.18,0.53,-0.26,0.25,-0.24,-0.06,-0.03,0.26,-0.17,-0.04,1998-11-17,5.45,28.9,-0.13,-0.38,0.43,3.2,-0.6,4.4,-0.1,-0.2,-0.1,0.0,-0.2,-0.2,164.1,0.2,0.6,0.7,1.5,2.4,0.29,0.01,-0.01,-0.01,-0.05,-0.25
0.43,0.29,0.26,0.17,0.04,0.16,-0.02,0.05,0.31,0.12,-0.38,1999-05-18,5.01,27.28,0.42,2.26,1.15,1.92,2.22,4.2,-0.1,0.0,-0.2,-0.2,-0.3,-0.2,166.0,0.1,1.2,1.3,1.9,3.4,0.35,0.03,0.06,0.03,0.0,0.08
0.51,0.27,0.32,0.1,0.06,0.1,0.05,-0.12,0.26,0.12,-0.41,1999-06-30,4.91,22.51,-0.12,0.75,-0.55,0.7,-3.39,4.3,0.1,0.0,0.1,-0.1,-0.3,-0.2,166.0,0.0,0.1,1.2,1.6,3.2,0.25,-0.03,-0.04,-0.05,-0.03,-0.07
0.7,0.23,0.6,-0.3,0.24,-0.33,-0.05,0.02,0.19,-0.09,-0.05,1999-08-24,5.06,22.55,-0.4,-1.84,-0.75,0.24,-4.46,4.2,-0.1,-0.1,0.0,-0.2,-0.2,-0.3,167.1,0.4,1.1,1.1,2.4,3.7,0.23,0.0,-0.01,0.01,-0.04,-0.1
0.48,0.25,0.26,0.13,0.11,0.18,0.04,-0.07,0.32,0.22,-0.42,1999-10-05,5.23,24.46,-0.47,-0.95,-2.03,-3.33,-0.79,4.1,-0.1,-0.1,-0.2,-0.2,-0.2,-0.4,168.1,0.3,1.0,1.4,2.2,4.2,0.25,-0.02,-0.02,-0.04,0.05,-0.02
0.62,0.24,0.57,-0.26,0.28,-0.23,-0.04,-0.02,0.27,-0.12,-0.07,1999-11-16,5.64,22.74,1.09,0.67,0.48,1.08,1.4,4.1,0.0,-0.1,-0.1,-0.1,-0.3,-0.3,168.4,0.3,0.6,1.3,2.4,4.3,0.15,0.0,-0.02,-0.04,-0.05,-0.1
0.68,0.24,0.24,0.13,0.09,0.19,0.04,-0.03,0.29,0.13,-0.46,1999-12-21,5.54,23.78,2.43,1.87,1.75,2.3,2.01,4.0,-0.1,-0.1,-0.2,-0.3,-0.2,-0.4,168.8,0.4,0.7,1.0,2.8,4.4,0.15,0.0,-0.01,0.0,0.0,-0.03
0.59,0.19,0.7,-0.22,0.41,-0.06,-0.06,0.06,-0.04,-0.01,-0.01,2000-02-02,5.79,23.45,-1.5,-2.69,-0.09,-0.62,3.79,4.1,0.1,0.1,0.0,-0.1,-0.1,-0.3,170.0,0.7,1.2,1.6,2.9,5.3,0.02,-0.05,-0.06,-0.15,-0.24,-0.23
0.7,0.2,0.7,-0.21,0.39,-0.09,-0.06,0.06,-0.06,0.01,-0.0,2000-03-21,5.82,22.96,0.59,2.19,0.62,1.72,1.9,4.0,-0.1,0.0,0.0,-0.2,-0.3,-0.2,171.0,1.0,1.7,2.2,3.2,6.2,-0.34,-0.04,-0.1,-0.13,-0.18,-0.22
0.56,0.2,0.63,-0.2,0.42,0.0,-0.04,0.03,0.05,-0.04,-0.07,2000-05-16,6.34,24.86,-1.19,-2.9,-5.01,-2.67,-1.33,4.0,0.2,0.0,-0.1,-0.1,-0.2,-0.2,171.2,0.3,0.2,1.2,2.8,5.2,-0.41,-0.01,-0.02,-0.04,-0.08,-0.01
0.73,0.19,0.4,0.17,0.33,0.46,0.04,-0.05,-0.12,0.24,-0.22,2000-06-28,6.56,21.8,-0.65,-0.54,-0.2,1.17,-0.34,4.0,0.0,0.2,0.0,0.0,-0.2,-0.3,172.2,1.0,1.3,1.2,3.4,6.2,-0.4,-0.01,-0.04,-0.02,0.0,0.03
0.67,0.2,0.39,0.16,0.33,0.45,0.04,-0.03,-0.1,0.25,-0.25,2000-08-22,6.48,17.35,0.3,-0.13,-0.67,-1.2,-2.64,4.1,0.1,0.1,0.1,0.0,0.0,-0.1,172.7,0.0,0.5,1.5,2.7,5.6,-0.49,0.0,0.0,-0.02,-0.03,-0.22
0.55,0.21,0.38,0.18,0.31,0.4,0.03,-0.06,-0.13,0.26,-0.2,2000-10-03,6.68,21.23,0.66,1.76,-0.44,0.49,2.97,3.9,0.0,-0.2,-0.1,0.1,-0.1,-0.2,173.9,0.3,1.2,1.2,3.0,5.8,-0.15,0.03,0.05,0.02,0.09,0.17
0.7,0.23,0.39,0.18,0.36,0.46,0.03,-0.06,-0.11,0.24,-0.18,2000-11-15,6.52,26.81,-2.25,-1.72,-0.39,2.29,0.34,3.9,0.0,0.0,-0.2,-0.1,-0.2,-0.2,174.2,0.3,0.6,1.5,3.0,5.8,-0.16,-0.03,-0.06,-0.04,-0.04,0.06
0.42,0.23,0.39,0.18,0.4,0.45,0.05,-0.03,-0.17,0.14,-0.05,2000-12-19,6.5,27.7,1.15,2.84,4.07,5.29,-1.95,3.9,0.0,0.0,0.0,-0.1,-0.1,-0.1,174.6,0.4,0.7,1.0,2.4,5.8,-0.16,0.02,0.04,0.0,-0.01,-0.03
0.19,0.19,0.67,-0.19,0.47,0.05,-0.02,0.01,-0.07,-0.13,0.09,2000-12-19,6.5,27.7,1.15,2.84,4.07,5.29,-1.95,3.9,0.0,0.0,0.0,-0.1,-0.1,-0.1,174.6,0.4,0.7,1.0,2.4,5.8,-0.16,0.02,0.04,0.0,-0.01,-0.03
0.07,0.19,0.67,-0.16,0.46,0.07,-0.03,0.04,-0.14,-0.07,0.07,2001-01-31,5.9,22.57,-0.04,0.0,-0.07,-0.68,-1.99,4.2,0.3,0.3,0.3,0.2,0.4,0.2,175.6,1.0,1.4,1.7,2.9,6.3,0.54,-0.01,0.03,0.03,0.04,0.19
0.48,0.2,0.49,-0.28,0.18,-0.29,-0.06,0.01,0.15,-0.05,-0.01,2001-03-20,5.38,29.78,-0.13,1.22,0.17,4.16,1.7,4.3,0.1,0.1,0.4,0.4,0.3,0.3,176.1,0.1,0.5,1.5,2.5,5.1,0.5,-0.02,-0.09,-0.02,0.02,0.04
0.03,0.19,0.6,-0.09,0.52,0.25,0.01,-0.01,-0.09,-0.13,0.09,2001-03-20,5.38,29.78,-0.13,1.22,0.17,4.16,1.7,4.3,0.1,0.1,0.4,0.4,0.3,0.3,176.1,0.1,0.5,1.5,2.5,5.1,0.5,-0.02,-0.09,-0.02,0.02,0.04
0.23,0.19,0.68,-0.15,0.46,0.08,-0.02,0.02,-0.12,-0.09,0.08,2001-05-15,4.43,24.26,0.72,0.26,-0.09,0.35,-1.7,4.3,-0.1,0.0,0.1,0.4,0.2,0.3,177.3,0.9,1.2,1.3,3.1,6.1,1.17,0.02,0.03,0.04,0.1,0.11
0.04,0.19,0.65,-0.14,0.51,0.12,0.01,-0.01,-0.1,-0.12,0.11,2001-05-15,4.43,24.26,0.72,0.26,-0.09,0.35,-1.7,4.3,-0.1,0.0,0.1,0.4,0.2,0.3,177.3,0.9,1.2,1.3,3.1,6.1,1.17,0.02,0.03,0.04,0.1,0.11
0.08,0.19,0.71,-0.14,0.46,0.1,-0.03,-0.0,-0.08,-0.1,0.02,2001-06-27,3.75,21.2,0.53,1.18,1.82,-1.97,1.28,4.5,0.2,0.1,0.2,0.6,0.6,0.5,177.7,0.4,1.3,1.6,3.1,5.5,1.21,0.01,0.0,-0.02,-0.08,0.0
0.05,0.19,0.71,-0.13,0.47,0.11,-0.03,0.0,-0.05,-0.1,0.02,2001-08-21,3.64,22.87,-0.97,1.33,1.96,2.32,2.78,4.9,0.3,0.4,0.6,0.7,1.0,0.8,177.4,0.0,-0.3,0.1,1.4,4.7,1.17,0.0,-0.03,-0.03,-0.09,-0.11
0.15,0.2,0.69,-0.11,0.46,0.17,-0.01,-0.0,-0.02,-0.11,-0.01,2001-10-02,3.02,32.32,0.39,-1.68,-2.94,-10.34,2.78,5.3,0.3,0.4,0.7,0.9,1.1,1.4,177.6,-0.5,0.2,0.2,1.2,3.7,1.73,-0.01,-0.07,-0.1,-0.06,0.08
0.41,0.17,0.71,-0.14,0.46,0.11,-0.03,0.03,-0.09,-0.11,0.04,2001-10-02,3.02,32.32,0.39,-1.68,-2.94,-10.34,2.78,5.3,0.3,0.4,0.7,0.9,1.1,1.4,177.6,-0.5,0.2,0.2,1.2,3.7,1.73,-0.01,-0.07,-0.1,-0.06,0.08
0.39,0.19,0.61,-0.04,0.47,0.28,0.0,-0.02,-0.02,-0.1,0.0,2001-11-06,2.45,30.5,-0.21,-1.81,-3.06,2.08,-4.45,5.5,0.2,0.5,0.6,1.2,1.3,1.6,177.5,-0.1,-0.6,0.1,0.2,3.3,1.85,-0.04,0.1,-0.01,-0.05,0.04
0.23,0.19,0.7,-0.13,0.45,0.11,-0.02,0.02,-0.06,-0.13,0.01,2001-12-11,1.9,25.62,2.13,1.91,2.6,1.78,-4.45,5.7,0.2,0.4,0.7,1.2,1.4,1.8,177.4,-0.1,-0.2,-0.7,-0.3,2.8,2.07,0.06,0.22,0.22,0.13,0.04
0.58,0.17,0.44,0.19,0.39,0.5,0.07,-0.04,-0.16,0.03,-0.01,2002-01-30,1.78,24.35,3.21,3.34,3.2,1.78,1.75,5.7,0.0,0.2,0.4,1.1,1.3,1.5,177.7,0.3,0.2,0.1,0.3,2.1,1.97,0.04,0.04,0.05,0.13,-0.19
0.78,0.21,0.52,0.33,-0.04,0.37,-0.02,-0.0,-0.0,0.16,0.25,2002-03-19,1.71,18.93,0.51,-0.27,-0.53,-0.34,-2.66,5.7,0.0,0.0,0.0,0.7,1.2,1.4,178.5,0.5,0.8,1.1,0.4,2.4,1.65,-0.07,-0.12,-0.14,-0.08,-0.17
0.76,0.18,0.51,0.37,-0.08,0.41,-0.01,-0.01,-0.02,0.16,0.25,2002-05-07,1.75,22.56,2.37,2.49,2.5,0.42,3.27,5.8,-0.1,0.1,0.1,0.3,0.9,1.5,179.5,0.2,1.0,1.5,2.0,2.2,1.91,0.0,0.03,0.04,0.05,0.06
0.33,0.19,0.53,0.38,-0.09,0.4,-0.0,-0.0,-0.01,0.17,0.24,2002-06-26,1.75,27.84,0.86,0.61,0.36,3.2,4.33,5.8,0.0,-0.1,0.1,0.1,0.8,1.3,179.6,0.1,0.3,1.1,2.2,1.9,1.96,0.02,0.05,0.04,0.03,0.02
0.56,0.17,0.56,0.36,-0.05,0.45,0.04,0.0,-0.1,0.06,0.24,2002-08-13,1.76,37.05,1.72,0.72,-1.68,-4.24,-2.22,5.7,-0.1,-0.1,-0.1,0.0,0.2,0.8,180.5,0.5,0.9,1.0,2.5,3.1,2.12,-0.05,-0.18,-0.25,-0.22,-0.03
0.74,0.19,0.56,0.37,-0.03,0.43,0.01,-0.03,-0.09,0.06,0.22,2002-09-24,1.74,39.68,0.7,-0.97,2.16,3.86,0.82,5.7,0.0,-0.1,-0.1,0.0,0.0,0.7,180.8,0.3,0.8,1.2,2.3,2.7,1.77,-0.08,-0.09,-0.05,-0.08,-0.19
0.42,0.23,0.74,0.16,0.02,0.16,-0.04,0.06,0.02,-0.12,0.27,2002-11-06,1.64,31.23,0.41,1.93,0.09,0.16,-2.3,5.9,0.2,0.2,0.2,0.1,0.2,0.4,181.5,0.3,0.7,1.0,2.0,4.0,2.28,0.0,0.03,0.03,0.06,0.23
0.75,0.18,0.55,0.42,-0.19,0.38,0.01,0.02,-0.04,0.02,0.27,2002-12-10,1.22,30.78,1.9,0.68,1.86,3.28,6.97,6.0,0.1,0.3,0.3,0.2,0.3,0.3,181.8,0.3,0.6,1.0,2.2,4.4,2.18,-0.02,0.02,0.02,0.04,0.09
0.37,0.18,0.52,0.4,-0.17,0.39,0.02,0.02,0.02,-0.06,0.17,2003-01-29,1.23,31.93,-2.76,0.42,4.4,3.28,7.61,5.8,-0.2,-0.1,0.1,0.0,-0.1,0.1,182.6,0.8,1.1,1.4,2.6,4.9,2.3,0.02,0.02,0.01,0.04,-0.07
0.61,0.22,0.48,0.4,-0.25,0.28,0.02,-0.0,0.1,-0.1,0.1,2003-03-18,1.31,31.75,0.77,-0.01,-1.76,0.67,1.22,5.9,0.0,0.1,-0.1,0.2,0.1,0.2,183.9,0.3,1.3,2.1,3.1,5.4,2.19,0.03,0.04,0.04,-0.05,0.01
0.14,0.19,0.47,0.42,-0.39,0.18,-0.02,0.02,0.13,-0.21,-0.01,2003-05-06,1.27,21.13,0.5,-0.46,-0.08,0.33,-0.37,6.1,0.1,0.2,0.2,0.2,0.4,0.3,182.9,-0.3,-1.0,-0.7,1.4,3.4,2.37,-0.01,-0.01,-0.01,0.03,0.1
0.32,0.23,0.72,0.08,-0.11,-0.1,-0.08,0.06,0.14,-0.34,0.01,2003-06-25,1.15,20.75,0.17,1.61,0.95,0.53,-0.5,6.3,0.2,0.3,0.4,0.3,0.6,0.5,183.1,0.2,-0.1,-0.8,1.3,3.5,2.15,0.0,-0.03,-0.03,0.15,0.05
0.57,0.2,0.49,0.46,-0.45,0.12,-0.03,0.01,0.11,-0.29,-0.07,2003-08-12,1.02,19.75,0.16,-0.51,-1.75,-1.0,1.15,6.1,-0.1,-0.2,0.0,0.2,0.2,0.4,184.5,0.8,1.4,1.6,0.9,4.0,2.57,0.02,0.01,0.03,-0.02,-0.09
0.49,0.2,0.49,0.46,-0.45,0.12,-0.03,0.01,0.11,-0.29,-0.08,2003-09-16,1.11,19.28,0.6,0.03,-0.73,1.11,0.8,6.1,0.0,-0.1,-0.2,0.2,0.1,0.4,185.1,0.6,1.4,2.0,1.2,4.3,2.65,0.04,0.01,0.01,0.02,0.16
0.63,0.2,0.49,0.46,-0.45,0.12,-0.03,0.01,0.11,-0.29,-0.08,2003-10-28,1.03,18.05,0.34,0.37,0.38,0.43,-0.77,6.0,-0.1,-0.1,-0.2,0.0,0.2,0.3,184.9,-0.2,0.4,1.2,1.7,3.7,2.47,-0.01,-0.03,-0.02,-0.04,-0.16
0.41,0.2,0.49,0.42,-0.51,0.08,-0.02,-0.01,0.08,-0.25,-0.09,2003-12-09,0.99,16.54,-0.55,0.24,-0.09,0.22,-2.94,5.7,-0.1,-0.3,-0.4,-0.6,-0.2,-0.3,185.5,0.5,0.6,0.4,2.4,3.7,2.35,0.0,0.03,0.03,0.07,0.02
0.03,0.21,0.5,0.41,-0.49,0.08,0.0,-0.02,0.06,-0.2,-0.07,2004-01-28,1.02,15.35,0.8,0.51,0.64,0.22,-1.4,5.7,0.0,-0.1,-0.3,-0.5,-0.3,-0.1,186.3,0.8,1.3,1.4,2.6,3.7,2.41,0.0,0.03,0.08,0.07,-0.02
0.03,0.21,0.5,0.4,-0.5,0.09,0.0,-0.01,0.07,-0.21,-0.07,2004-03-16,1.05,21.13,2.83,0.46,2.46,6.65,6.3,5.8,0.2,0.1,0.1,-0.3,-0.5,-0.1,187.1,0.4,0.8,1.6,2.0,3.2,2.22,-0.02,0.0,0.02,-0.06,-0.14
-0.21,0.22,0.49,0.4,-0.47,0.08,0.02,0.0,0.04,-0.19,-0.08,2004-05-04,1.03,16.62,-0.57,0.02,0.33,2.61,0.88,5.6,0.0,-0.2,0.0,-0.2,-0.5,-0.5,188.2,0.8,1.1,1.5,3.2,5.3,2.19,-0.03,-0.02,-0.01,0.0,-0.13
0.36,0.22,0.75,0.04,-0.3,-0.3,-0.07,0.07,-0.07,-0.01,-0.04,2004-06-30,1.13,15.47,-0.6,0.28,0.66,0.21,0.43,5.6,0.0,0.0,-0.2,-0.1,-0.5,-0.7,188.9,0.7,1.5,1.8,3.4,5.8,1.87,-0.03,-0.05,-0.05,-0.03,-0.13
0.29,0.22,0.75,0.04,-0.32,-0.32,-0.06,0.06,-0.1,0.04,-0.07,2004-08-10,1.35,18.89,-0.45,0.57,2.68,3.57,3.14,5.4,-0.1,-0.2,-0.2,-0.2,-0.4,-0.7,189.2,0.1,0.3,1.0,2.5,4.7,1.83,-0.01,0.04,0.04,0.01,0.04
0.42,0.23,0.75,0.04,-0.33,-0.32,-0.07,0.05,-0.1,0.04,-0.07,2004-09-21,1.64,14.43,0.4,0.04,-0.21,0.67,0.15,5.4,0.0,-0.1,-0.2,-0.4,-0.3,-0.7,189.8,0.6,0.7,0.9,2.7,4.7,1.61,0.0,-0.03,-0.06,-0.08,-0.13
0.54,0.26,0.72,0.12,-0.35,-0.3,-0.05,0.01,-0.07,0.04,-0.07,2004-11-10,1.79,13.61,-0.19,-0.23,-0.36,-2.66,-1.67,5.4,-0.1,0.0,0.0,-0.2,-0.2,-0.4,191.7,0.9,1.9,2.5,3.5,6.7,1.42,0.0,0.01,-0.05,-0.08,-0.03
0.71,0.24,0.73,0.07,-0.32,-0.3,-0.06,0.05,-0.09,0.03,-0.07,2004-12-14,2.18,12.54,-0.22,-0.34,-0.65,-0.42,-1.67,5.4,0.0,-0.1,0.0,-0.2,-0.4,-0.3,191.7,0.0,0.9,1.9,2.8,6.2,1.18,-0.03,-0.08,-0.05,-0.15,-0.03
0.49,0.22,0.76,0.08,-0.35,-0.3,-0.08,0.06,-0.12,0.07,0.01,2005-02-02,2.4,12.03,-0.79,-1.21,-1.21,-2.62,-0.4,5.4,0.1,0.0,0.0,0.0,-0.2,-0.2,192.4,0.8,0.7,0.7,3.2,5.7,0.86,0.01,-0.05,-0.08,-0.08,-0.13
0.34,0.27,0.72,0.15,-0.35,-0.26,-0.08,0.03,-0.1,0.11,-0.01,2005-03-22,2.71,13.61,0.47,0.32,0.12,0.81,0.68,5.2,-0.2,-0.1,-0.2,-0.2,-0.4,-0.6,193.1,0.7,1.5,1.4,3.3,6.0,0.81,0.02,0.04,0.01,-0.02,0.01
0.54,0.27,0.72,0.09,-0.32,-0.31,-0.09,0.04,-0.11,0.16,-0.02,2005-05-03,2.98,15.12,-0.19,-1.74,0.25,-0.26,0.59,5.1,-0.1,-0.1,-0.3,-0.3,-0.3,-0.5,193.6,-0.1,0.5,1.2,1.9,5.4,0.57,0.02,-0.03,-0.04,-0.07,-0.2
0.44,0.26,0.73,0.09,-0.32,-0.31,-0.1,0.05,-0.11,0.16,-0.01,2005-06-30,3.2,11.77,0.19,-0.75,-0.41,0.69,0.12,5.0,-0.1,-0.2,-0.2,-0.4,-0.4,-0.6,193.7,0.1,0.0,0.6,2.0,4.8,0.34,0.02,0.04,0.01,-0.01,-0.04
0.56,0.27,0.72,0.08,-0.31,-0.31,-0.09,0.05,-0.12,0.17,-0.03,2005-08-09,3.5,13.21,0.73,0.69,1.38,1.64,2.24,4.9,-0.1,-0.1,-0.2,-0.5,-0.5,-0.5,196.1,1.2,2.4,2.5,3.7,6.9,0.26,-0.03,-0.02,-0.02,0.0,-0.06
0.21,0.29,0.67,0.11,-0.28,-0.26,-0.05,-0.02,-0.06,0.14,-0.06,2005-09-20,3.62,12.14,0.92,-0.35,-0.77,0.16,-1.01,5.0,0.1,0.0,0.0,-0.2,-0.4,-0.4,198.8,2.7,3.9,5.1,5.7,9.0,0.32,0.03,0.0,0.05,0.06,0.02
0.43,0.22,0.74,0.0,-0.29,-0.33,-0.08,0.07,-0.14,0.16,-0.01,2005-11-01,4.02,15.32,1.07,-0.7,0.73,-0.81,-1.15,5.0,0.0,0.1,0.0,-0.2,-0.3,-0.5,199.1,0.3,3.0,4.2,5.4,8.3,0.17,-0.01,-0.04,-0.05,0.0,-0.07
0.66,0.22,0.68,-0.09,-0.23,-0.32,-0.06,0.01,-0.14,0.24,0.06,2005-12-13,4.24,11.47,-0.22,-0.74,-0.71,0.46,-1.15,4.9,-0.1,-0.1,-0.1,-0.1,-0.3,-0.5,198.1,0.0,-1.0,-0.7,4.4,6.4,0.11,0.0,0.01,0.01,0.02,-0.07
0.09,0.67,0.38,-0.35,-0.25,-0.13,0.01,-0.02,-0.12,0.13,0.06,2006-01-31,4.48,12.39,0.42,-0.03,-0.48,-2.17,1.19,4.7,-0.2,-0.3,-0.3,-0.3,-0.5,-0.6,199.3,1.2,1.2,0.2,4.4,7.7,0.02,0.01,-0.02,-0.01,0.02,-0.01
-0.87,0.67,0.35,-0.4,-0.19,-0.1,0.05,-0.02,-0.14,0.1,-0.02,2006-03-28,4.77,11.46,0.27,0.29,0.25,-0.66,-1.22,4.7,-0.1,0.0,-0.2,-0.3,-0.3,-0.5,199.7,0.3,0.4,1.6,0.9,6.6,-0.02,0.03,0.02,0.02,-0.05,-0.04
-0.85,0.69,0.33,-0.41,-0.21,-0.12,0.03,-0.02,-0.15,0.14,-0.03,2006-05-10,4.78,11.99,-0.01,0.37,0.13,-0.55,0.4,4.6,-0.1,-0.1,-0.2,-0.4,-0.3,-0.5,201.3,0.6,1.6,1.9,3.2,7.7,0.16,0.01,-0.02,-0.03,-0.04,0.05
-0.81,0.7,0.3,-0.4,-0.19,-0.11,0.03,-0.03,-0.14,0.15,-0.06,2006-06-29,5.06,15.79,-0.61,0.17,-0.1,-0.9,-5.17,4.6,0.0,-0.1,-0.1,-0.3,-0.4,-0.4,201.8,0.5,1.1,2.1,3.7,8.1,-0.04,-0.01,-0.02,0.0,0.0,-0.01
0.42,0.79,0.01,-0.26,-0.24,0.19,0.09,-0.11,-0.06,0.08,-0.06,2006-08-08,5.24,15.23,0.89,0.77,0.89,0.9,-0.98,4.7,0.0,0.1,0.1,-0.1,-0.3,-0.2,203.8,0.9,2.0,2.5,4.4,7.7,-0.03,-0.03,-0.01,-0.02,-0.05,0.0
0.65,0.78,0.02,-0.26,-0.25,0.19,0.1,-0.1,-0.05,0.08,-0.06,2006-09-20,5.21,11.98,0.2,0.22,0.43,-1.01,0.02,4.5,-0.2,-0.2,-0.1,-0.2,-0.4,-0.5,202.8,-1.0,-0.1,1.0,3.1,4.0,-0.05,0.02,0.02,-0.01,-0.02,-0.01
0.2,0.79,0.02,-0.26,-0.24,0.2,0.11,-0.1,-0.05,0.09,-0.06,2006-10-25,5.24,10.78,-0.3,0.15,-0.12,-0.31,-0.78,4.4,-0.1,-0.3,-0.3,-0.3,-0.3,-0.6,201.9,-0.9,-1.9,-1.0,1.2,2.8,-0.08,-0.01,0.0,-0.02,-0.02,-0.04
0.22,0.79,0.02,-0.26,-0.25,0.2,0.1,-0.1,-0.05,0.08,-0.07,2006-12-12,5.25,10.71,-1.36,-1.96,-0.62,-0.95,-0.78,4.4,-0.1,0.0,-0.1,-0.2,-0.3,-0.5,203.1,1.1,1.2,0.3,1.3,5.0,-0.15,-0.03,-0.06,-0.04,-0.06,-0.04
0.11,0.78,-0.01,-0.26,-0.27,0.22,0.11,-0.08,-0.06,0.03,-0.03,2007-01-31,5.23,10.96,-0.49,-0.17,-0.26,0.19,0.81,4.6,0.2,0.1,0.2,-0.1,-0.1,-0.1,203.44,0.34,1.44,1.54,0.54,4.14,-0.1,-0.01,0.01,0.01,0.05,0.01
0.73,0.78,-0.03,-0.27,-0.26,0.22,0.11,-0.08,-0.03,0.02,-0.03,2007-03-21,5.26,13.27,-1.32,-3.52,-3.16,-0.72,-5.34,4.4,-0.1,-0.2,0.0,-0.1,-0.2,-0.3,205.29,1.06,1.85,2.19,2.49,5.59,-0.04,-0.01,-0.01,-0.01,0.02,0.0
0.68,0.78,-0.02,-0.27,-0.26,0.22,0.12,-0.09,-0.03,0.02,-0.04,2007-05-09,5.21,13.21,0.06,0.3,0.12,-1.01,1.14,4.4,-0.1,0.0,-0.1,-0.1,-0.3,-0.2,206.76,0.85,1.47,2.53,4.75,5.45,-0.05,-0.01,-0.02,-0.02,-0.08,-0.09
0.0,0.78,-0.02,-0.27,-0.26,0.22,0.11,-0.09,-0.03,0.02,-0.04,2007-06-28,5.26,15.53,-3.36,-1.12,-0.22,2.68,0.82,4.6,0.2,0.1,0.2,0.2,0.1,0.0,207.23,0.48,1.33,1.95,4.13,5.43,0.18,-0.02,-0.04,-0.04,0.03,0.05
-0.72,0.78,-0.01,-0.27,-0.25,0.22,0.12,-0.08,-0.01,0.02,-0.07,2007-08-07,5.26,22.94,-2.22,1.72,-0.73,-1.23,7.71,4.6,-0.1,0.0,0.2,0.1,0.1,-0.1,207.67,0.06,0.43,0.91,3.44,3.87,0.26,0.01,0.08,0.06,0.02,0.09
0.9,0.76,-0.1,-0.36,-0.14,0.2,0.09,-0.01,0.08,-0.04,0.06,2007-08-07,5.26,22.94,-2.22,1.72,-0.73,-1.23,7.71,4.6,-0.1,0.0,0.2,0.1,0.1,-0.1,207.67,0.06,0.43,0.91,3.44,3.87,0.26,0.01,0.08,0.06,0.02,0.09
0.79,0.75,-0.06,-0.32,-0.24,0.21,0.12,-0.03,-0.02,0.0,-0.01,2007-08-07,5.26,22.94,-2.22,1.72,-0.73,-1.23,7.71,4.6,-0.1,0.0,0.2,0.1,0.1,-0.1,207.67,0.06,0.43,0.91,3.44,3.87,0.26,0.01,0.08,0.06,0.02,0.09
0.26,0.71,0.28,-0.44,-0.13,-0.01,0.09,-0.01,-0.07,0.08,-0.01,2007-09-18,5.33,26.48,1.56,1.72,1.52,0.25,1.42,4.7,0.1,0.0,0.1,0.3,0.3,0.2,208.55,0.88,0.94,1.31,3.26,5.75,0.4,-0.02,-0.01,-0.06,-0.08,-0.03
-0.18,0.73,0.27,-0.39,-0.14,-0.01,0.08,-0.05,-0.07,0.08,-0.04,2007-10-31,4.78,21.07,1.2,1.51,-0.1,-0.57,3.34,4.7,0.0,0.1,0.0,0.2,0.1,0.3,209.19,0.64,1.52,1.59,3.29,7.29,0.58,-0.02,-0.06,-0.05,0.01,0.11
0.15,0.71,0.28,-0.41,-0.13,-0.03,0.06,-0.05,-0.11,0.11,-0.02,2007-12-11,4.46,20.74,-0.11,-0.22,-1.79,-2.13,3.34,5.0,0.3,0.3,0.3,0.4,0.6,0.6,211.44,0.61,2.25,2.9,4.21,8.34,0.98,-0.02,-0.01,-0.04,0.05,0.11
0.29,0.74,0.19,-0.39,-0.15,0.01,0.06,-0.02,-0.03,0.0,0.03,2008-01-30,3.47,27.32,-0.46,-1.76,-0.46,-2.13,3.64,5.0,0.0,0.3,0.3,0.3,0.5,0.4,212.17,0.73,1.34,2.98,4.57,8.74,1.4,-0.01,0.02,-0.03,0.05,0.17
0.69,0.71,0.28,-0.44,-0.17,-0.07,0.06,-0.02,-0.08,0.07,0.02,2008-01-30,3.47,27.32,-0.46,-1.76,-0.46,-2.13,3.64,5.0,0.0,0.3,0.3,0.3,0.5,0.4,212.17,0.73,1.34,2.98,4.57,8.74,1.4,-0.01,0.02,-0.03,0.05,0.17
0.76,0.41,0.01,-0.09,0.07,0.0,0.2,0.12,0.26,0.03,0.06,2008-03-18,2.69,32.24,1.08,4.95,5.02,4.75,8.71,5.1,0.2,0.1,0.1,0.4,0.5,0.7,213.45,0.76,1.27,2.0,4.9,8.16,1.99,0.02,0.06,0.13,-0.04,0.15
-0.03,0.74,0.25,-0.41,-0.16,-0.01,0.1,-0.06,-0.08,0.07,0.01,2008-03-18,2.69,32.24,1.08,4.95,5.02,4.75,8.71,5.1,0.2,0.1,0.1,0.4,0.5,0.7,213.45,0.76,1.27,2.0,4.9,8.16,1.99,0.02,0.06,0.13,-0.04,0.15
-0.16,0.75,0.23,-0.39,-0.15,0.0,0.09,-0.07,-0.07,0.08,-0.02,2008-04-30,2.21,20.24,0.6,0.65,0.18,-0.26,-3.22,5.0,-0.1,0.1,0.0,0.3,0.3,0.5,213.94,0.49,1.25,1.77,4.75,8.04,1.5,0.0,0.03,0.04,-0.05,-0.23
-0.21,0.8,0.03,-0.23,-0.22,0.19,0.15,-0.11,-0.03,0.06,-0.05,2008-06-25,1.93,22.42,-0.22,-0.45,0.84,1.47,-1.14,5.6,0.2,0.6,0.5,0.6,0.9,1.0,217.46,2.25,3.52,4.01,6.02,10.23,1.23,0.02,-0.05,0.0,0.0,-0.31
-0.83,0.79,0.03,-0.24,-0.22,0.19,0.15,-0.1,-0.04,0.07,-0.04,2008-08-05,1.97,23.49,0.92,0.55,2.28,0.58,-1.52,6.1,0.3,0.5,0.7,1.2,1.4,1.5,218.69,-0.33,1.23,3.48,6.0,11.02,1.45,-0.01,-0.02,0.02,0.02,-0.04
0.18,0.78,0.01,-0.25,-0.21,0.21,0.16,-0.08,-0.02,0.03,-0.03,2008-09-16,2.64,31.7,6.04,7.31,7.18,8.64,12.27,6.1,0.0,0.3,0.5,1.0,1.1,1.4,218.88,0.19,-0.14,1.41,5.43,10.33,1.69,0.18,0.23,0.26,0.26,0.27
-0.1,0.62,0.26,-0.28,-0.15,-0.01,0.09,-0.05,-0.02,0.13,0.0,2008-10-29,0.67,66.96,-13.1,-12.17,-0.84,13.99,-2.99,6.5,0.4,0.4,0.7,1.5,1.5,1.8,217.0,-1.88,-1.69,-2.02,3.05,7.81,2.24,0.04,0.05,0.15,0.04,-0.03
-0.01,0.72,0.25,-0.41,-0.15,-0.03,0.1,-0.05,-0.09,0.05,0.04,2008-10-29,0.67,66.96,-13.1,-12.17,-0.84,13.99,-2.99,6.5,0.4,0.4,0.7,1.5,1.5,1.8,217.0,-1.88,-1.69,-2.02,3.05,7.81,2.24,0.04,0.05,0.15,0.04,-0.03
0.02,0.76,0.18,-0.28,-0.03,-0.06,0.18,0.05,0.1,0.03,0.04,2008-12-16,0.18,56.76,2.48,0.98,1.03,-3.17,-2.99,7.3,0.5,0.8,1.2,1.7,2.2,2.3,211.4,-1.75,-5.6,-7.48,-6.06,-0.05,1.78,-0.04,-0.07,-0.05,0.04,-0.03
-0.02,0.8,-0.0,-0.13,-0.04,0.12,0.25,0.02,0.16,-0.02,0.0,2009-01-28,0.18,42.25,-3.44,-5.02,-5.04,-3.17,-0.57,7.8,0.5,1.0,1.3,2.0,2.8,2.8,211.93,0.53,-1.22,-5.06,-7.08,-0.24,1.72,-0.13,-0.1,-0.15,0.04,0.04
-0.12,0.8,-0.03,-0.11,-0.03,0.09,0.29,0.04,0.16,-0.03,0.05,2009-03-18,0.2,40.8,-2.94,-1.56,-0.38,-8.88,-5.55,8.7,0.4,0.9,1.4,2.6,3.1,3.6,212.5,-0.21,0.56,1.1,-6.38,-0.95,1.97,0.0,0.06,0.11,0.04,-0.05
-0.68,0.8,-0.02,-0.14,-0.03,0.11,0.27,0.02,0.16,-0.07,0.02,2009-04-29,0.16,37.95,-0.37,1.13,0.8,-1.23,-5.55,9.0,0.3,0.7,1.2,2.5,3.2,4.0,212.71,0.21,0.0,0.78,-4.29,-1.23,2.1,0.05,0.06,0.11,0.15,-0.05
-0.72,0.8,-0.06,-0.18,-0.02,0.11,0.25,0.02,0.15,-0.08,0.0,2009-06-24,0.24,30.58,-0.59,2.59,0.55,-0.23,0.96,9.5,0.1,0.5,0.8,2.2,3.4,3.9,214.79,1.77,2.08,2.29,3.39,-2.67,2.51,-0.04,-0.03,-0.07,0.01,-0.01
-0.75,0.8,-0.03,-0.15,-0.05,0.11,0.28,0.03,0.16,-0.08,0.02,2009-08-12,0.16,25.99,1.0,1.23,0.32,0.43,2.9,9.6,0.1,0.1,0.2,1.3,2.8,3.5,215.44,0.72,0.66,2.42,2.74,-3.25,2.5,-0.06,-0.07,-0.07,0.02,-0.15
-0.83,0.8,-0.05,-0.13,-0.05,0.08,0.3,0.03,0.14,-0.09,0.02,2009-09-23,0.15,23.08,-0.98,-0.84,-0.57,-0.78,-2.18,9.8,0.2,0.3,0.3,1.1,2.5,3.7,215.86,0.42,1.13,1.07,3.37,-3.02,2.44,-0.03,-0.02,0.0,-0.04,-0.07
-0.57,0.78,-0.06,-0.07,-0.03,0.04,0.31,0.07,0.13,-0.09,-0.01,2009-11-04,0.12,28.81,-0.97,-1.88,4.05,4.5,7.38,9.9,-0.1,0.1,0.3,0.5,1.6,3.1,217.23,0.73,1.37,1.79,4.21,4.08,2.58,0.05,0.07,0.03,0.05,0.12
-0.74,0.79,-0.03,-0.09,-0.01,0.03,0.31,0.02,0.15,-0.06,0.0,2009-12-16,0.13,21.49,0.34,-0.1,-0.83,-0.61,-3.36,9.9,0.0,-0.1,0.1,0.4,1.2,2.6,217.35,0.11,0.84,1.49,2.56,5.95,2.72,0.03,0.0,0.01,0.06,0.19
-0.74,0.78,-0.03,-0.09,-0.01,0.03,0.33,0.01,0.16,-0.09,0.03,2010-01-27,0.12,24.55,-0.86,-2.76,2.28,-0.61,6.42,9.8,-0.1,-0.1,-0.2,0.3,0.8,2.0,217.49,0.14,0.25,0.98,2.76,5.56,2.78,-0.02,0.0,0.03,0.06,-0.09
-0.35,0.81,-0.05,-0.09,-0.04,0.04,0.32,-0.01,0.08,-0.1,0.03,2010-03-16,0.2,18.0,0.42,-0.06,-0.57,0.58,-2.1,9.9,0.1,0.1,0.0,0.1,0.4,1.2,217.35,0.07,-0.13,0.01,1.49,4.86,2.75,0.01,-0.01,-0.06,-0.03,-0.07
-0.2,0.82,-0.04,-0.12,-0.08,0.08,0.27,-0.08,0.04,-0.1,0.03,2010-04-28,0.2,22.81,5.34,6.19,6.34,5.47,6.67,9.9,0.0,0.1,0.1,-0.1,0.4,0.9,217.4,0.05,0.12,-0.09,0.89,4.69,2.68,-0.06,-0.06,-0.05,-0.14,-0.14
0.71,0.62,-0.08,-0.32,-0.11,0.17,0.09,0.02,0.08,-0.02,0.07,2010-04-28,0.2,22.81,5.34,6.19,6.34,5.47,6.67,9.9,0.0,0.1,0.1,-0.1,0.4,0.9,217.4,0.05,0.12,-0.09,0.89,4.69,2.68,-0.06,-0.06,-0.05,-0.14,-0.14
-0.07,0.81,-0.04,-0.13,-0.11,0.1,0.22,-0.14,-0.04,-0.1,0.01,2010-06-23,0.18,27.05,2.17,3.1,2.0,-1.53,-8.43,9.4,-0.2,-0.5,-0.5,-0.5,-0.4,-0.1,217.2,-0.09,-0.2,-0.15,-0.15,2.41,2.47,-0.05,-0.03,-0.02,-0.04,-0.01
0.0,0.81,-0.04,-0.05,-0.04,0.03,0.29,-0.02,0.01,-0.11,0.02,2010-08-10,0.18,22.14,0.4,0.04,-0.07,-1.36,-2.49,9.5,0.1,0.1,-0.1,-0.3,-0.4,-0.1,217.92,0.32,0.72,0.63,0.64,2.48,2.32,-0.04,-0.09,-0.1,-0.07,-0.04
-0.28,0.81,-0.05,-0.04,-0.04,0.05,0.26,-0.11,-0.08,-0.12,0.01,2010-09-21,0.21,21.5,-0.51,-0.22,-0.6,-0.49,-1.69,9.5,0.0,0.1,0.1,-0.4,-0.4,-0.3,218.28,0.35,0.67,1.08,0.92,2.41,2.25,-0.02,-0.04,0.01,0.02,0.12
-0.17,0.81,-0.05,0.03,0.01,-0.02,0.3,-0.03,-0.1,-0.08,0.04,2010-11-03,0.2,21.57,-0.26,0.37,0.69,1.72,2.54,9.8,0.4,0.3,0.3,0.2,0.0,-0.1,219.59,0.56,1.31,1.67,2.3,2.36,2.29,-0.03,0.0,-0.03,0.07,0.07
-0.43,0.81,-0.06,0.04,0.01,-0.02,0.3,-0.05,-0.1,-0.07,0.03,2010-12-14,0.17,17.55,-0.06,0.3,-0.19,-0.46,2.54,9.3,-0.5,-0.1,-0.2,-0.1,-0.6,-0.6,220.47,0.88,1.44,2.2,3.27,3.12,2.68,0.0,0.09,0.05,0.14,0.07
-0.33,0.82,-0.08,0.02,-0.0,-0.02,0.28,-0.08,-0.11,-0.1,0.04,2011-01-26,0.17,17.59,-0.06,-0.88,-0.4,-0.46,0.45,9.1,-0.2,-0.7,-0.3,-0.3,-0.8,-0.7,221.19,0.72,1.6,2.15,3.58,3.7,2.73,-0.05,-0.08,-0.09,0.14,-0.01
-0.47,0.81,-0.07,0.04,-0.0,-0.02,0.26,-0.09,-0.12,-0.08,0.03,2011-03-15,0.14,21.13,1.05,-0.75,0.91,2.07,-0.19,9.0,0.0,-0.1,-0.3,-0.5,-0.4,-0.9,223.05,1.15,1.86,2.57,4.77,5.69,2.75,-0.01,0.03,-0.03,-0.06,0.02
-0.69,0.81,-0.08,0.04,-0.01,-0.03,0.25,-0.1,-0.11,-0.08,0.02,2011-04-27,0.09,15.62,-0.15,-0.75,0.93,-1.34,-2.25,9.1,0.1,0.1,0.0,-0.3,-0.3,-0.8,224.09,1.05,2.19,2.91,5.06,6.69,2.69,-0.03,0.03,-0.05,-0.02,-0.07
-0.49,0.82,-0.08,0.03,-0.01,-0.02,0.24,-0.09,-0.11,-0.06,-0.0,2011-06-22,0.09,18.86,-1.13,-2.99,-3.87,-0.75,0.91,9.1,0.1,0.0,0.1,-0.2,-0.4,-0.3,224.81,0.0,0.71,1.76,4.33,7.61,2.59,0.0,0.03,0.04,-0.01,0.02
-0.09,0.82,-0.05,0.02,-0.01,0.02,0.22,-0.12,-0.1,-0.07,-0.04,2011-08-09,0.11,48.0,16.0,16.34,24.62,22.75,30.44,9.0,0.0,-0.1,0.0,0.0,-0.8,-0.5,226.11,0.71,1.3,1.3,4.21,8.18,2.13,-0.17,-0.07,-0.18,-0.33,-0.5
-0.01,0.82,-0.07,0.09,0.04,-0.05,0.31,0.06,-0.03,-0.06,-0.03,2011-09-21,0.09,32.86,0.13,1.88,0.89,-5.73,-1.06,9.0,0.0,0.0,-0.1,0.0,-0.3,-0.5,226.6,0.49,1.2,1.79,3.55,8.32,1.77,-0.04,-0.13,-0.11,0.04,-0.05
-0.04,0.82,-0.07,0.06,0.02,-0.03,0.3,0.0,-0.08,-0.06,-0.03,2011-11-02,0.08,34.77,4.81,10.24,9.31,5.51,6.53,8.6,-0.2,-0.4,-0.4,-0.4,-0.4,-1.2,227.17,0.42,0.57,1.06,2.36,7.58,1.78,-0.14,-0.28,-0.33,-0.17,-0.2
-0.52,0.83,-0.08,0.05,0.01,-0.03,0.3,0.03,-0.07,-0.08,-0.01,2011-12-13,0.07,25.67,-0.71,-4.92,-3.0,-1.85,6.53,8.5,-0.1,-0.3,-0.5,-0.6,-0.5,-0.8,227.22,0.05,0.47,0.63,2.42,6.75,1.79,-0.06,0.02,0.01,-0.01,-0.2
-0.38,0.83,-0.07,0.06,0.01,-0.02,0.3,0.01,-0.03,-0.08,-0.01,2012-01-25,0.09,18.91,0.24,0.63,-0.96,-1.85,-1.72,8.3,-0.2,-0.3,-0.5,-0.7,-0.8,-0.8,227.84,0.62,0.67,1.09,2.45,6.66,1.84,0.01,0.05,0.09,-0.01,0.11
-0.58,0.83,-0.07,0.06,0.01,-0.03,0.29,0.0,-0.03,-0.07,-0.0,2012-03-13,0.12,15.64,-1.47,-2.31,-3.43,-1.65,-1.16,8.2,-0.1,-0.1,-0.3,-0.8,-0.9,-0.8,228.81,0.48,0.96,1.58,2.21,5.76,1.71,0.0,0.0,0.03,0.0,0.03
-0.45,0.84,-0.07,0.06,0.01,-0.03,0.29,-0.01,-0.03,-0.06,0.0,2012-04-25,0.14,18.1,-0.87,0.66,-0.26,-1.45,-1.16,8.2,0.0,-0.1,-0.1,-0.6,-0.8,-0.9,229.19,0.38,0.86,1.34,2.44,5.09,1.73,0.04,0.03,0.02,0.0,-0.02
-0.05,0.84,-0.07,0.08,0.02,-0.03,0.3,0.03,-0.04,-0.05,-0.01,2012-06-20,0.17,18.38,0.06,-2.73,-3.3,-5.18,-8.28,8.2,0.0,0.0,0.0,-0.3,-0.8,-0.9,228.52,-0.19,-0.66,-0.28,1.3,3.72,1.34,0.04,0.03,0.0,0.01,0.12
-0.08,0.83,-0.06,0.05,0.01,-0.02,0.28,-0.02,-0.05,-0.07,-0.02,2012-06-20,0.17,18.38,0.06,-2.73,-3.3,-5.18,-8.28,8.2,0.0,0.0,0.0,-0.3,-0.8,-0.9,228.52,-0.19,-0.66,-0.28,1.3,3.72,1.34,0.04,0.03,0.0,0.01,0.12
-0.56,0.78,-0.07,0.17,0.08,-0.12,0.34,0.17,0.02,0.02,0.01,2012-09-13,0.15,15.8,-0.61,-0.48,1.42,-2.18,-0.55,7.8,-0.3,-0.4,-0.4,-0.4,-0.7,-1.2,231.02,1.1,2.42,2.49,2.21,4.42,1.52,0.07,0.09,0.1,0.16,0.15
-0.49,0.81,-0.07,0.16,0.07,-0.1,0.31,0.17,0.01,0.02,0.0,2012-10-24,0.15,18.83,2.21,1.77,3.8,3.56,4.5,7.8,0.0,-0.3,-0.4,-0.4,-0.5,-1.0,231.64,0.62,1.72,3.05,2.45,4.89,1.5,-0.01,0.01,-0.07,0.07,0.02
-0.13,0.8,-0.08,0.25,0.14,-0.16,0.23,0.18,-0.02,0.04,0.0,2012-12-12,0.17,15.57,-0.48,-0.33,-1.01,-1.07,0.43,7.9,0.2,0.1,0.1,-0.3,-0.3,-0.6,231.22,-0.03,-0.42,0.21,2.7,4.0,1.42,0.03,0.03,0.08,0.04,0.01
-0.11,0.81,-0.07,0.24,0.13,-0.15,0.25,0.15,-0.05,0.05,0.0,2013-01-30,0.12,13.31,-0.26,0.42,0.62,-1.07,-0.05,8.0,0.1,0.3,0.2,-0.2,-0.2,-0.3,231.68,0.46,0.43,0.04,3.09,3.84,1.73,0.02,0.03,0.08,0.04,0.1
-0.15,0.82,-0.07,0.25,0.13,-0.15,0.24,0.15,-0.06,0.05,0.01,2013-03-20,0.15,14.39,1.03,3.09,3.09,2.83,-0.97,7.5,-0.2,-0.5,-0.4,-0.3,-0.7,-0.7,232.28,-0.66,0.6,1.06,1.27,3.48,1.68,-0.02,-0.08,-0.09,-0.12,0.07
-0.03,0.81,-0.07,0.27,0.13,-0.16,0.23,0.15,-0.06,0.06,0.01,2013-03-20,0.15,14.39,1.03,3.09,3.09,2.83,-0.97,7.5,-0.2,-0.5,-0.4,-0.3,-0.7,-0.7,232.28,-0.66,0.6,1.06,1.27,3.48,1.68,-0.02,-0.08,-0.09,-0.12,0.07
-0.04,0.8,-0.07,0.27,0.13,-0.16,0.22,0.15,-0.05,0.06,-0.0,2013-06-19,0.12,16.61,-0.19,-0.54,0.2,1.17,0.31,7.5,0.0,-0.1,0.0,-0.4,-0.3,-0.7,232.44,0.55,0.65,0.16,1.22,3.92,1.93,0.01,0.08,0.06,0.03,0.07
-0.3,0.8,-0.07,0.27,0.13,-0.16,0.22,0.16,-0.04,0.07,0.0,2013-07-31,0.09,13.39,0.0,0.67,0.42,1.1,-0.45,7.3,-0.2,-0.2,-0.3,-0.7,-0.5,-0.9,232.9,0.46,1.01,1.1,1.22,4.31,2.3,0.02,0.03,0.01,0.12,0.06
-0.19,0.79,-0.06,0.29,0.15,-0.18,0.21,0.13,-0.04,0.08,-0.01,2013-09-18,0.08,14.53,0.15,0.37,0.24,-1.1,-2.48,7.2,0.0,-0.1,-0.3,-0.3,-0.7,-0.6,233.54,0.09,0.64,1.1,1.26,2.53,2.47,0.0,0.02,0.0,0.02,0.08
-0.26,0.8,-0.06,0.29,0.15,-0.17,0.21,0.13,-0.05,0.07,-0.01,2013-10-30,0.08,13.41,0.1,0.32,0.21,0.25,-2.31,7.2,0.0,0.0,-0.1,-0.4,-0.8,-0.6,233.67,0.12,0.21,0.77,1.87,2.03,2.22,0.0,0.01,0.02,-0.08,-0.13
-0.14,0.76,-0.06,0.32,0.17,-0.2,0.21,0.15,-0.04,0.06,-0.01,2013-12-18,0.09,16.21,0.18,0.45,0.67,2.72,2.51,6.7,-0.2,-0.5,-0.5,-0.8,-0.8,-1.2,234.72,0.62,1.05,1.17,2.27,3.5,2.51,-0.04,-0.03,-0.04,-0.05,0.04
-0.23,0.76,-0.07,0.32,0.17,-0.21,0.21,0.15,-0.04,0.05,0.0,2014-01-29,0.07,15.8,-1.62,-2.34,2.03,2.72,3.66,6.6,-0.1,-0.3,-0.6,-0.7,-1.0,-1.4,235.29,0.57,1.19,1.62,2.39,3.61,2.39,-0.02,0.01,-0.01,-0.05,-0.1
-0.63,0.76,-0.08,0.33,0.18,-0.22,0.16,0.12,-0.04,0.06,-0.0,2014-03-19,0.08,14.52,-1.12,-3.3,-1.7,0.32,0.52,6.7,0.0,0.1,0.0,-0.5,-0.8,-0.8,236.03,0.48,0.74,1.31,2.48,3.75,2.32,0.0,0.03,0.0,-0.1,-0.01
-0.58,0.76,-0.08,0.32,0.18,-0.22,0.18,0.12,-0.04,0.06,0.0,2014-04-30,0.1,13.71,-0.26,-0.35,0.39,0.46,-3.32,6.2,-0.5,-0.5,-0.4,-1.0,-1.1,-1.4,236.47,0.44,0.92,1.18,2.8,4.67,2.27,0.01,0.02,0.0,-0.04,0.01
-0.76,0.76,-0.09,0.32,0.19,-0.22,0.17,0.12,-0.05,0.06,0.01,2014-06-18,0.1,12.06,-0.59,-0.12,-0.5,0.91,0.66,6.1,-0.2,-0.1,-0.6,-0.6,-1.1,-1.4,237.23,0.31,0.76,1.2,2.51,4.79,2.15,0.03,0.0,-0.01,-0.04,0.04
-0.61,0.76,-0.08,0.33,0.19,-0.23,0.17,0.11,-0.04,0.06,0.01,2014-07-30,0.09,13.28,0.72,0.59,1.44,0.47,1.2,6.2,0.1,-0.1,0.0,-0.4,-1.0,-1.1,237.5,0.27,0.58,1.03,2.21,4.6,1.93,-0.03,-0.02,-0.06,-0.05,-0.12
-0.31,0.76,-0.08,0.33,0.19,-0.23,0.17,0.1,-0.04,0.06,0.0,2014-09-17,0.09,12.73,-1.39,-0.58,-0.07,0.07,0.75,5.9,-0.2,-0.3,-0.2,-0.8,-0.8,-1.3,237.48,0.02,-0.02,0.25,1.45,3.93,2.05,0.03,0.01,0.09,0.11,0.18
-0.37,0.79,-0.09,0.29,0.17,-0.2,0.06,-0.06,-0.08,0.03,-0.0,2014-10-29,0.09,14.39,-1.65,-1.72,-2.14,-4.18,-6.85,5.7,-0.2,-0.4,-0.5,-0.5,-0.9,-1.5,237.43,-0.05,-0.03,-0.07,0.96,3.76,1.88,0.02,0.0,0.0,0.05,0.02
-0.63,0.81,-0.08,0.27,0.15,-0.18,0.02,-0.1,-0.08,0.03,-0.01,2014-12-17,0.12,23.57,3.15,2.49,3.49,9.36,10.24,5.6,-0.2,-0.1,-0.3,-0.5,-1.1,-1.1,236.25,-0.73,-1.18,-1.22,-0.98,1.53,1.49,-0.03,-0.05,-0.08,-0.13,-0.22
-0.61,0.83,-0.1,0.22,0.13,-0.15,0.0,-0.1,-0.09,0.01,-0.0,2015-01-28,0.11,17.22,1.7,0.56,0.82,9.36,-0.33,5.7,0.1,-0.1,0.0,-0.5,-0.5,-0.9,234.75,-1.5,-2.24,-2.68,-2.75,-0.54,1.29,0.0,0.0,-0.08,-0.13,-0.1
-0.7,0.84,-0.09,0.23,0.14,-0.16,0.01,-0.12,-0.07,0.01,-0.01,2015-03-18,0.12,15.66,0.05,-0.34,0.24,0.6,2.32,5.4,-0.1,-0.3,-0.2,-0.5,-0.7,-1.3,235.98,0.63,1.23,-0.28,-1.5,-0.05,1.36,-0.08,-0.09,-0.07,-0.14,-0.01
-0.17,0.83,-0.09,0.21,0.13,-0.15,0.03,-0.1,-0.1,0.01,-0.03,2015-04-29,0.13,12.41,-0.71,0.12,-0.07,-0.89,-0.17,5.4,0.0,-0.1,-0.3,-0.3,-0.8,-0.8,236.22,0.25,0.88,1.47,-1.21,-0.25,1.44,0.04,0.05,0.03,0.09,0.05
-0.83,0.84,-0.1,0.22,0.12,-0.16,0.02,-0.11,-0.1,0.02,-0.02,2015-06-17,0.14,14.81,-0.58,1.03,1.96,-0.48,0.97,5.3,-0.3,-0.1,-0.1,-0.3,-0.6,-0.8,237.66,0.66,1.44,1.68,1.41,0.43,1.61,-0.03,-0.04,-0.05,-0.08,0.1
-0.84,0.84,-0.1,0.22,0.13,-0.16,0.02,-0.11,-0.09,0.01,-0.02,2015-07-29,0.14,13.44,-2.16,-0.3,0.8,1.19,-3.39,5.2,-0.1,-0.4,-0.2,-0.5,-0.5,-1.0,238.03,0.38,1.03,1.81,3.29,0.54,1.57,0.02,0.0,0.0,-0.1,-0.2
-0.53,0.83,-0.08,0.21,0.13,-0.17,-0.0,-0.13,-0.08,0.03,-0.03,2015-09-17,0.14,21.35,-1.19,-2.9,-1.85,-3.55,-7.08,5.0,-0.1,-0.2,-0.3,-0.4,-0.6,-0.9,237.5,-0.53,-0.54,-0.16,1.52,0.02,1.48,0.02,0.03,-0.01,0.02,0.01
-0.65,0.84,-0.08,0.21,0.13,-0.17,0.0,-0.12,-0.08,0.03,-0.03,2015-10-28,0.12,15.43,0.14,0.97,0.98,0.45,-1.65,5.0,0.0,-0.1,-0.2,-0.4,-0.7,-0.7,237.73,0.24,-0.3,-0.3,1.51,0.3,1.4,-0.01,-0.03,-0.03,-0.03,-0.07
-0.31,0.86,-0.08,0.17,0.1,-0.13,-0.05,-0.17,0.01,0.02,-0.02,2015-12-16,0.15,20.95,-1.78,-3.44,1.61,5.11,5.83,5.0,-0.1,0.0,0.0,-0.3,-0.4,-0.6,237.76,-0.26,0.03,0.26,0.1,1.51,1.3,0.04,0.05,0.01,0.01,0.0
-0.56,0.86,-0.09,0.16,0.1,-0.11,-0.06,-0.19,0.02,0.02,-0.02,2016-01-27,0.38,22.5,-1.65,0.16,-4.19,5.11,-4.51,4.8,-0.2,-0.3,-0.2,-0.4,-0.6,-0.9,237.65,-0.11,-0.37,-0.08,-0.38,2.9,1.16,0.01,-0.03,-0.02,0.01,-0.03
-0.74,0.86,-0.08,0.15,0.1,-0.11,-0.07,-0.19,0.02,0.01,-0.03,2016-03-16,0.37,16.84,-0.08,0.34,-1.21,-0.51,-2.97,5.0,0.1,0.2,0.0,0.0,-0.3,-0.4,238.08,0.74,0.43,0.32,0.58,2.1,0.99,-0.01,-0.02,-0.01,-0.01,0.03
-0.72,0.86,-0.08,0.16,0.1,-0.12,-0.08,-0.2,0.02,0.01,-0.03,2016-04-27,0.37,13.96,-0.12,0.74,0.01,0.61,-1.4,5.1,0.1,0.2,0.3,0.1,-0.1,-0.3,238.99,0.91,1.66,1.34,1.26,2.77,1.08,0.02,0.03,0.02,0.05,0.06
-0.58,0.87,-0.08,0.15,0.09,-0.11,-0.04,-0.18,0.01,0.01,-0.02,2016-06-15,0.37,20.5,-0.47,3.47,5.86,6.85,7.38,4.9,0.1,-0.2,-0.1,-0.1,-0.1,-0.4,240.22,0.67,1.23,2.14,2.46,2.56,0.88,-0.01,-0.03,-0.03,-0.05,-0.07
-0.66,0.86,-0.08,0.16,0.1,-0.12,-0.07,-0.21,0.03,0.02,-0.02,2016-07-27,0.4,13.05,0.18,1.03,0.31,0.61,-0.15,4.8,-0.1,0.0,-0.3,0.0,-0.2,-0.4,240.1,-0.12,0.54,1.11,2.45,2.07,0.82,-0.04,-0.04,-0.05,-0.09,0.06
-0.71,0.86,-0.07,0.17,0.11,-0.13,-0.07,-0.2,0.03,0.01,-0.03,2016-09-21,0.4,15.92,0.39,0.55,-0.38,0.76,3.94,5.0,0.1,0.2,0.1,0.0,0.0,0.0,241.18,0.63,1.07,0.95,3.1,3.68,0.9,-0.01,-0.03,-0.07,0.01,0.1
-0.84,0.87,-0.08,0.17,0.1,-0.12,-0.07,-0.19,0.04,0.01,-0.02,2016-11-02,0.41,18.56,1.5,2.37,3.2,5.54,2.44,4.7,-0.2,-0.3,-0.2,-0.1,-0.2,-0.4,242.03,0.28,0.85,1.48,2.47,4.01,1.0,0.02,0.0,0.02,0.07,0.04
-0.77,0.86,-0.09,0.16,0.1,-0.12,-0.08,-0.2,0.02,0.01,-0.02,2016-12-14,0.41,12.72,0.08,0.97,0.08,0.58,0.38,4.7,0.0,-0.2,-0.3,-0.2,-0.3,-0.3,242.64,0.61,0.9,1.46,2.41,4.88,1.31,-0.03,-0.01,0.03,0.05,0.07
-0.41,0.87,-0.1,0.16,0.1,-0.11,-0.07,-0.18,0.04,-0.02,-0.0,2017-03-15,0.66,12.3,0.95,0.64,0.0,1.06,0.83,4.4,-0.2,-0.3,-0.3,-0.6,-0.5,-0.6,243.89,-0.11,0.27,1.25,2.72,5.81,1.2,-0.02,-0.02,-0.03,0.02,0.01
-0.44,0.86,-0.09,0.16,0.1,-0.11,-0.08,-0.19,0.03,-0.01,-0.01,2017-03-15,0.66,12.3,0.95,0.64,0.0,1.06,0.83,4.4,-0.2,-0.3,-0.3,-0.6,-0.5,-0.6,243.89,-0.11,0.27,1.25,2.72,5.81,1.2,-0.02,-0.02,-0.03,0.02,0.01
-0.6,0.87,-0.09,0.15,0.1,-0.11,-0.07,-0.18,0.03,-0.01,0.0,2017-05-03,0.91,10.59,0.48,-0.23,0.23,-0.25,0.83,4.4,0.0,0.0,-0.2,-0.3,-0.5,-0.4,244.0,-0.19,0.11,-0.0,1.98,4.45,1.02,-0.03,0.01,-0.03,-0.01,0.01
-0.13,0.86,-0.08,0.14,0.1,-0.1,-0.1,-0.19,0.05,-0.0,0.0,2017-06-14,0.91,10.42,-1.04,-0.28,0.26,0.35,0.61,4.3,-0.1,-0.1,-0.1,-0.4,-0.7,-0.6,244.16,0.16,-0.03,0.27,1.53,3.94,0.83,-0.03,-0.03,-0.03,-0.03,-0.12
-0.07,0.87,-0.09,0.13,0.09,-0.1,-0.1,-0.19,0.04,-0.0,0.01,2017-07-26,1.16,9.43,0.0,0.07,-0.15,-0.39,-1.76,4.3,0.0,-0.1,-0.1,-0.4,-0.6,-0.5,244.24,0.08,0.24,0.05,0.62,4.14,0.93,0.04,0.05,0.03,-0.02,-0.06
-0.06,0.85,-0.07,0.08,0.05,-0.06,-0.17,-0.29,0.03,-0.01,-0.0,2017-09-20,1.16,10.18,0.03,0.01,-0.26,-0.55,0.05,4.3,-0.1,0.0,0.0,-0.1,-0.4,-0.7,246.44,1.25,2.19,2.27,2.54,5.26,0.84,0.01,0.03,0.01,0.02,0.03
-0.27,0.84,-0.07,0.08,0.06,-0.06,-0.18,-0.28,0.02,-0.01,0.01,2017-09-20,1.16,10.18,0.03,0.01,-0.26,-0.55,0.05,4.3,-0.1,0.0,0.0,-0.1,-0.4,-0.7,246.44,1.25,2.19,2.27,2.54,5.26,0.84,0.01,0.03,0.01,0.02,0.03
-0.14,0.84,-0.07,0.08,0.06,-0.06,-0.2,-0.29,0.02,-0.02,0.01,2017-12-13,1.17,9.92,0.58,0.34,-0.24,-1.76,0.25,4.1,-0.1,-0.1,-0.2,-0.2,-0.3,-0.6,247.8,0.52,1.18,1.37,3.64,5.17,0.57,0.0,-0.01,0.0,0.0,-0.02
-0.46,0.85,-0.09,0.07,0.05,-0.06,-0.19,-0.28,0.01,-0.03,0.03,2018-01-31,1.42,14.79,0.95,3.71,3.21,3.76,4.63,4.0,-0.1,-0.2,-0.2,-0.3,-0.4,-0.7,248.86,1.05,1.58,2.23,4.62,5.24,0.6,0.01,0.07,0.05,0.02,0.04
-0.74,0.84,-0.08,0.07,0.04,-0.05,-0.19,-0.29,0.02,-0.02,0.02,2018-03-21,1.44,18.2,-0.82,2.4,1.61,2.42,-1.39,4.0,-0.1,0.0,-0.1,-0.3,-0.3,-0.4,249.58,0.05,0.72,1.77,3.14,5.69,0.55,0.01,0.01,0.02,-0.05,-0.06
-0.55,0.85,-0.08,0.07,0.04,-0.05,-0.18,-0.3,0.01,-0.02,0.04,2018-05-02,1.7,15.49,-0.44,0.08,-0.75,-0.85,-1.92,3.8,-0.2,-0.2,-0.3,-0.4,-0.6,-0.6,250.79,0.56,1.22,1.26,3.51,6.79,0.47,0.01,0.0,-0.04,-0.02,0.02
-0.73,0.85,-0.11,0.02,0.02,-0.02,-0.2,-0.24,-0.01,-0.03,0.04,2018-06-13,1.7,12.34,-0.01,0.16,0.21,-0.4,-0.88,4.0,0.2,0.0,0.0,-0.1,-0.3,-0.3,251.02,0.23,0.79,1.44,3.21,6.85,0.42,-0.02,-0.01,-0.01,0.0,-0.03
-0.14,0.85,-0.11,0.02,0.02,-0.02,-0.21,-0.25,-0.01,-0.04,0.05,2018-06-13,1.7,12.34,-0.01,0.16,0.21,-0.4,-0.88,4.0,0.2,0.0,0.0,-0.1,-0.3,-0.3,251.02,0.23,0.79,1.44,3.21,6.85,0.42,-0.02,-0.01,-0.01,0.0,-0.03
-0.63,0.85,-0.11,-0.0,0.01,-0.02,-0.19,-0.25,-0.02,-0.05,0.05,2018-09-26,1.93,12.42,0.22,0.74,0.62,-1.26,-2.46,3.7,-0.1,-0.1,-0.3,-0.3,-0.4,-0.6,252.18,0.52,0.97,1.16,2.6,5.75,0.27,0.02,0.01,0.01,0.06,0.04
-0.4,0.86,-0.11,-0.0,0.02,-0.02,-0.18,-0.25,-0.02,-0.05,0.05,2018-11-08,2.2,16.36,-3.55,-3.6,-3.15,-6.99,-3.28,3.8,0.0,0.1,0.0,0.0,-0.3,-0.4,252.59,-0.18,0.41,0.93,1.8,5.31,0.26,-0.03,-0.03,-0.05,-0.02,-0.02
-0.84,0.85,-0.11,0.0,0.02,-0.02,-0.18,-0.23,-0.03,-0.05,0.03,2018-12-19,2.2,25.58,1.06,3.95,4.93,2.94,7.51,3.9,0.1,0.1,0.2,-0.1,-0.1,-0.2,252.77,0.17,-0.0,0.59,1.75,4.96,0.17,0.01,0.01,0.01,0.04,-0.04
-0.4,0.86,-0.11,-0.0,0.02,-0.0,-0.19,-0.24,-0.03,-0.06,0.04,2019-01-30,2.4,19.13,0.26,1.71,0.24,2.94,0.94,4.0,0.1,0.2,0.2,0.2,0.0,0.0,252.56,-0.21,-0.03,-0.21,1.35,3.7,0.16,0.01,0.0,0.0,0.04,0.0
0.01,0.85,-0.1,0.0,0.02,-0.0,-0.19,-0.25,-0.03,-0.06,0.02,2019-03-20,2.4,13.56,0.46,0.68,0.06,-0.77,-0.01,3.8,0.0,-0.2,-0.1,0.1,-0.2,-0.2,254.28,0.96,1.72,1.51,2.09,4.7,0.15,0.0,-0.01,-0.02,-0.02,-0.06
0.14,0.86,-0.12,-0.01,0.02,0.0,-0.21,-0.22,-0.02,-0.07,0.03,2019-03-20,2.4,13.56,0.46,0.68,0.06,-0.77,-0.01,3.8,0.0,-0.2,-0.1,0.1,-0.2,-0.2,254.28,0.96,1.72,1.51,2.09,4.7,0.15,0.0,-0.01,-0.02,-0.02,-0.06
-0.34,0.84,-0.1,-0.01,0.04,-0.02,-0.23,-0.24,-0.03,-0.05,0.02,2019-06-19,2.37,15.15,-0.2,-0.13,-0.67,-0.79,-3.56,3.6,0.0,-0.1,-0.2,-0.3,-0.1,-0.4,255.21,-0.08,-0.02,0.94,2.45,4.19,0.2,-0.03,-0.05,-0.07,-0.05,0.01
-0.07,0.84,-0.11,0.01,0.06,-0.02,-0.22,-0.24,-0.01,-0.06,0.02,2019-07-31,2.39,13.94,1.11,1.78,1.2,0.41,1.55,3.7,0.1,0.1,0.0,-0.3,-0.1,-0.1,255.8,0.59,0.51,0.57,3.24,4.59,0.21,0.0,-0.01,-0.01,-0.04,-0.07
-0.11,0.83,-0.11,0.01,0.05,-0.02,-0.25,-0.24,-0.02,-0.07,0.03,2019-09-18,2.3,14.44,-0.23,0.7,0.22,-0.83,-4.54,3.5,-0.1,-0.2,-0.1,-0.3,-0.4,-0.2,256.43,0.39,0.63,1.22,2.15,4.25,0.09,-0.01,-0.02,0.02,0.04,0.09
0.84,0.7,-0.05,-0.07,0.03,-0.0,0.15,0.22,0.21,0.04,0.03,2019-10-30,1.82,13.2,0.09,0.55,-0.51,-0.8,-2.38,3.6,0.1,0.0,-0.1,-0.1,-0.4,-0.2,257.15,0.72,1.12,1.35,1.92,4.38,0.2,-0.01,0.03,0.01,0.02,0.07
0.14,0.86,-0.12,-0.01,0.03,-0.01,-0.23,-0.22,-0.03,-0.06,0.03,2019-10-30,1.82,13.2,0.09,0.55,-0.51,-0.8,-2.38,3.6,0.1,0.0,-0.1,-0.1,-0.4,-0.2,257.15,0.72,1.12,1.35,1.92,4.38,0.2,-0.01,0.03,0.01,0.02,0.07
0.27,0.87,-0.13,0.0,0.03,-0.01,-0.23,-0.19,-0.03,-0.05,0.03,2019-12-11,1.55,15.68,-0.18,2.06,1.16,0.77,3.34,3.6,0.0,0.0,0.1,0.0,-0.2,-0.3,258.63,0.75,1.48,2.2,3.42,5.86,0.2,0.0,-0.03,-0.02,-0.02,0.04
0.31,0.87,-0.12,0.0,0.02,-0.0,-0.22,-0.19,-0.03,-0.05,0.03,2020-01-29,1.55,16.28,-1.95,1.72,3.3,0.77,3.72,3.6,0.0,0.0,0.0,-0.1,-0.1,-0.4,259.13,0.5,1.25,1.97,3.33,6.57,0.2,0.03,-0.01,-0.03,-0.02,-0.07
0.72,0.8,-0.12,-0.26,-0.13,0.19,-0.06,0.02,0.01,-0.04,0.09,2020-01-29,1.55,16.28,-1.95,1.72,3.3,0.77,3.72,3.6,0.0,0.0,0.0,-0.1,-0.1,-0.4,259.13,0.5,1.25,1.97,3.33,6.57,0.2,0.03,-0.01,-0.03,-0.02,-0.07
-0.0,0.82,-0.08,0.07,0.12,-0.07,-0.04,0.05,0.11,-0.03,0.07,2020-04-29,0.04,33.57,0.28,-2.36,-7.81,-10.26,3.72,14.8,10.4,11.3,11.2,11.2,11.1,11.1,256.03,-2.04,-3.22,-3.1,-1.12,0.8,0.42,-0.01,0.04,0.03,-0.01,-0.07
0.79,0.58,-0.05,0.02,0.1,-0.08,0.23,0.31,0.21,0.04,0.07,2020-04-29,0.04,33.57,0.28,-2.36,-7.81,-10.26,3.72,14.8,10.4,11.3,11.2,11.2,11.1,11.1,256.03,-2.04,-3.22,-3.1,-1.12,0.8,0.42,-0.01,0.04,0.03,-0.01,-0.07
0.77,0.7,-0.07,-0.34,-0.09,0.15,0.09,0.07,0.14,-0.05,0.09,2020-04-29,0.04,33.57,0.28,-2.36,-7.81,-10.26,3.72,14.8,10.4,11.3,11.2,11.2,11.1,11.1,256.03,-2.04,-3.22,-3.1,-1.12,0.8,0.42,-0.01,0.04,0.03,-0.01,-0.07
0.23,0.85,-0.12,-0.06,0.01,0.07,-0.16,0.07,0.04,0.0,0.05,2020-04-29,0.04,33.57,0.28,-2.36,-7.81,-10.26,3.72,14.8,10.4,11.3,11.2,11.2,11.1,11.1,256.03,-2.04,-3.22,-3.1,-1.12,0.8,0.42,-0.01,0.04,0.03,-0.01,-0.07
-0.53,0.85,-0.12,-0.05,0.01,0.07,-0.15,0.07,0.05,0.01,0.05,2020-06-10,0.07,27.57,1.76,3.05,1.76,-0.66,-0.59,11.0,-2.2,-3.8,6.6,7.4,7.5,7.4,257.04,1.24,1.01,-1.03,-1.59,1.83,0.64,-0.02,-0.05,0.01,0.12,0.15
-0.52,0.85,-0.11,-0.05,0.01,0.07,-0.15,0.07,0.05,0.01,0.04,2020-07-29,0.1,25.44,0.7,-0.4,-0.64,0.98,-1.85,10.2,-0.8,-3.0,-4.6,6.6,6.6,6.5,258.35,1.31,2.55,2.32,-0.78,2.55,0.45,-0.02,0.0,0.02,-0.01,-0.04
0.5,0.69,-0.05,-0.21,-0.1,0.18,-0.01,0.06,0.05,0.02,0.06,2020-09-16,0.09,25.59,-0.26,-1.28,-4.12,0.98,2.63,7.8,-0.6,-2.4,-3.2,3.4,4.2,4.3,260.0,0.68,1.65,2.96,1.92,3.57,0.54,0.0,0.0,0.0,-0.01,-0.06
-0.62,0.84,-0.09,0.07,0.05,0.0,-0.16,0.14,0.03,0.04,0.01,2020-09-16,0.09,25.59,-0.26,-1.28,-4.12,0.98,2.63,7.8,-0.6,-2.4,-3.2,3.4,4.2,4.3,260.0,0.68,1.65,2.96,1.92,3.57,0.54,0.0,0.0,0.0,-0.01,-0.06
0.31,0.87,-0.11,0.04,0.03,0.02,-0.15,0.15,0.03,0.04,0.03,2020-11-05,0.09,29.57,-5.98,-7.56,-8.45,-3.78,0.39,6.7,-0.2,-1.1,-1.7,-6.5,3.2,3.1,260.91,0.59,0.91,1.6,5.11,3.03,0.64,-0.09,-0.07,-0.1,0.01,0.02
0.31,0.85,-0.11,0.06,0.05,0.0,-0.13,0.17,0.03,0.05,0.05,2020-12-16,0.09,22.89,-1.83,-0.42,0.37,1.59,2.05,6.7,0.0,-0.2,-1.1,-4.3,2.3,3.1,262.04,1.13,1.73,2.05,5.0,3.42,0.81,0.04,0.02,0.03,0.01,0.13
0.31,0.85,-0.11,0.04,0.04,0.03,-0.15,0.17,0.02,0.03,0.05,2021-01-27,0.08,23.02,-0.17,1.11,1.7,1.59,1.46,6.4,-0.3,-0.3,-0.5,-3.8,-8.4,2.8,262.64,0.59,1.73,2.32,4.29,3.51,0.94,0.02,-0.03,-0.05,0.01,-0.05
0.37,0.85,-0.11,0.04,0.04,0.02,-0.15,0.17,0.02,0.03,0.06,2021-03-17,0.07,19.79,-0.24,-0.9,-2.12,-5.68,-8.16,6.1,-0.1,-0.3,-0.6,-1.7,-4.9,1.7,264.85,1.27,2.21,2.8,4.85,6.77,1.47,-0.01,-0.03,0.07,0.05,0.17
-0.82,0.85,-0.11,0.04,0.03,0.02,-0.15,0.18,0.03,0.03,0.06,2021-04-28,0.07,17.56,-0.08,0.23,-1.15,0.27,0.87,6.1,0.0,-0.1,-0.3,-0.8,-4.1,-8.7,266.62,1.78,3.05,3.99,6.31,10.59,1.46,0.06,0.04,0.05,0.01,-0.05
-0.78,0.84,-0.11,0.04,0.03,0.02,-0.15,0.18,0.03,0.04,0.06,2021-06-16,0.06,17.02,0.63,1.37,0.92,0.6,0.26,5.9,0.1,-0.2,-0.2,-0.8,-1.9,-5.1,270.71,2.31,4.08,5.86,8.66,13.67,1.35,0.0,0.04,0.04,-0.06,-0.09
-0.57,0.83,-0.12,0.05,0.04,0.02,-0.16,0.2,0.02,0.04,0.05,2021-07-28,0.1,19.36,1.78,2.16,1.67,-3.14,3.18,5.4,-0.5,-0.4,-0.7,-1.0,-1.5,-4.8,271.96,1.25,3.56,5.34,9.33,13.61,1.05,-0.02,-0.03,-0.02,0.07,-0.09
-0.71,0.83,-0.11,0.06,0.04,0.01,-0.13,0.19,0.02,0.04,0.05,2021-09-22,0.08,24.36,-1.35,3.55,5.67,4.99,7.95,4.7,-0.4,-0.7,-1.2,-1.4,-2.0,-3.1,273.94,1.19,1.98,3.23,9.1,13.94,1.11,0.03,-0.03,0.0,-0.01,-0.01
-0.82,0.8,-0.1,0.12,0.08,-0.05,-0.04,0.27,0.09,0.07,0.03,2021-11-03,0.08,16.03,-0.38,-0.23,-0.5,0.79,-0.27,4.2,-0.3,-0.5,-0.9,-1.6,-2.0,-2.5,278.82,2.3,4.88,6.07,10.42,17.91,1.1,0.02,0.03,0.03,-0.07,-0.08
-0.67,0.83,-0.11,0.06,0.06,-0.01,-0.09,0.23,0.07,0.04,0.03,2021-12-15,0.08,21.89,1.58,3.2,0.31,-5.29,-6.73,3.9,-0.3,-0.6,-0.8,-2.0,-2.2,-2.8,280.81,1.98,4.28,6.86,10.1,18.76,0.77,0.01,-0.04,-0.02,-0.01,-0.21
-0.53,0.85,-0.11,-0.02,0.01,0.05,-0.18,0.16,0.07,0.02,-0.0,2022-01-26,0.08,31.16,1.26,2.31,5.57,-5.29,12.4,4.0,0.1,-0.2,-0.5,-1.4,-2.1,-2.4,282.54,1.74,3.72,6.01,10.58,19.9,0.76,0.0,0.02,0.01,-0.01,-0.13
-0.33,0.86,-0.11,-0.03,-0.01,0.06,-0.23,0.14,0.01,0.03,-0.04,2022-03-16,0.08,29.83,-1.94,-0.92,-0.4,-6.62,2.24,3.7,-0.1,-0.3,-0.2,-1.0,-2.2,-2.4,287.47,2.94,4.93,6.66,13.52,22.62,0.3,0.03,0.05,0.04,0.07,-0.12
-0.26,0.86,-0.11,-0.05,-0.02,0.08,-0.21,0.17,0.03,0.02,-0.04,2022-05-04,0.33,29.25,-3.09,-4.15,-0.74,2.23,2.24,3.6,-0.1,-0.1,-0.2,-0.6,-1.5,-2.2,291.3,2.72,3.83,6.77,12.47,22.89,0.19,-0.07,0.0,-0.03,0.01,-0.12
0.05,0.86,-0.11,-0.05,-0.02,0.07,-0.22,0.17,0.02,0.01,-0.05,2022-06-15,0.83,32.69,-1.33,4.94,6.6,7.62,6.97,3.6,0.0,-0.1,-0.1,-0.3,-1.1,-2.3,295.07,3.77,6.49,7.61,14.27,24.36,0.04,0.01,-0.05,-0.17,-0.27,-0.23
-0.17,0.87,-0.12,-0.06,-0.04,0.09,-0.21,0.2,0.0,0.01,-0.04,2022-07-27,1.58,24.69,1.33,1.66,1.58,-0.61,0.05,3.5,-0.1,-0.1,-0.2,-0.5,-1.0,-1.9,294.94,-0.13,3.64,6.36,12.4,22.98,-0.21,-0.02,0.0,-0.02,-0.02,-0.18
0.18,0.87,-0.12,-0.06,-0.04,0.09,-0.2,0.2,0.0,0.0,-0.04,2022-09-21,2.33,27.16,1.4,0.86,0.89,3.29,1.69,3.5,-0.1,0.0,-0.1,-0.2,-0.4,-1.2,296.42,1.26,1.48,1.35,8.95,22.48,-0.39,0.07,0.01,0.03,-0.18,-0.19
0.41,0.86,-0.1,-0.03,-0.03,0.08,-0.22,0.2,0.01,0.02,-0.06,2022-11-02,3.08,25.81,-0.07,0.06,-1.58,-4.04,-6.21,3.6,0.0,0.1,0.0,0.0,-0.2,-0.6,298.71,0.73,2.29,3.55,7.41,19.88,-0.47,-0.06,-0.08,-0.13,-0.22,0.01
0.42,0.86,-0.1,-0.03,-0.03,0.08,-0.22,0.2,0.01,0.02,-0.05,2022-12-14,3.83,22.55,-2.45,-0.28,0.26,1.8,2.05,3.5,-0.1,-0.1,0.0,-0.1,-0.2,-0.4,298.81,0.1,0.83,2.39,3.74,18.0,-0.71,0.07,0.05,0.12,0.1,0.03
0.37,0.86,-0.12,-0.03,-0.04,0.08,-0.22,0.21,-0.0,-0.0,-0.03,2023-02-01,4.33,19.4,-0.54,0.89,0.67,-0.41,1.05,3.5,0.0,-0.1,-0.1,0.0,-0.2,-0.5,300.46,1.65,1.75,2.48,5.52,17.91,-0.69,0.01,-0.02,-0.01,0.0,0.04
0.47,0.86,-0.12,-0.02,-0.04,0.08,-0.21,0.22,0.01,0.0,-0.04,2023-03-22,4.58,21.38,-2.77,-4.13,-1.61,-5.14,2.89,3.5,-0.1,0.0,0.0,0.0,-0.1,-0.2,301.64,0.17,1.19,2.83,5.22,14.18,-0.58,-0.13,-0.16,0.0,-0.1,0.31
0.42,0.86,-0.13,-0.04,-0.04,0.08,-0.2,0.22,-0.0,0.0,-0.03,2023-05-03,4.83,17.78,1.7,2.0,0.75,0.89,0.71,3.6,0.2,0.1,0.0,0.0,0.0,0.0,303.32,0.46,1.67,1.84,4.61,12.02,-0.53,0.02,0.07,0.01,0.07,0.03
0.58,0.86,-0.13,-0.03,-0.04,0.08,-0.21,0.21,0.0,-0.0,-0.03,2023-06-14,5.08,14.61,-0.4,0.78,0.96,-0.12,-3.34,3.6,0.0,0.2,0.1,0.1,0.1,0.0,304.1,0.78,1.24,2.46,5.29,9.03,-0.83,-0.01,0.01,-0.04,-0.06,-0.09
0.51,0.86,-0.12,-0.04,-0.04,0.08,-0.2,0.22,-0.0,0.01,-0.03,2023-07-26,5.08,13.86,-0.05,0.26,-0.13,0.38,-0.97,3.5,-0.1,-0.1,0.1,0.0,-0.1,0.0,304.62,0.52,1.3,1.76,4.16,9.68,-0.94,0.01,0.04,0.01,-0.01,-0.06
0.61,0.86,-0.13,-0.04,-0.04,0.08,-0.21,0.21,0.0,-0.01,-0.02,2023-09-20,5.33,14.11,0.11,0.32,1.29,0.31,1.02,3.8,0.1,0.3,0.2,0.3,0.3,0.3,307.37,1.24,2.76,3.28,5.73,10.95,-0.71,0.02,-0.02,0.0,-0.03,-0.02
0.51,0.86,-0.13,-0.04,-0.04,0.08,-0.2,0.21,0.0,-0.0,-0.02,2023-11-01,5.33,18.14,-1.61,-3.13,-2.54,-2.23,-1.18,3.9,0.1,0.2,0.4,0.5,0.4,0.3,307.65,0.28,1.52,3.04,4.8,9.67,-0.19,-0.04,-0.04,-0.03,0.0,0.22
0.32,0.86,-0.13,-0.04,-0.04,0.09,-0.2,0.2,0.0,-0.0,-0.03,2023-12-13,5.33,12.07,-0.56,-0.28,-0.99,-1.01,-0.39,3.8,0.1,-0.1,0.0,0.2,0.3,0.3,308.74,0.65,1.08,1.36,4.64,9.93,-0.53,-0.05,-0.05,-0.09,-0.17,-0.08
0.3,0.87,-0.14,-0.03,-0.02,0.08,-0.24,0.18,-0.01,-0.03,-0.01,2024-01-31,5.33,13.31,-0.29,0.05,-0.14,0.12,0.61,3.7,-0.1,0.0,-0.2,0.2,0.3,0.2,309.79,1.06,1.71,2.14,5.18,9.34,-0.3,-0.09,-0.11,-0.16,-0.04,-0.12
0.23,0.87,-0.14,-0.03,-0.02,0.08,-0.24,0.18,-0.01,-0.03,-0.01,2024-03-20,5.33,13.82,-0.51,-0.59,-0.58,-1.4,0.71,3.9,0.0,0.2,0.1,0.1,0.3,0.4,312.11,1.09,2.31,3.37,4.73,10.46,-0.38,0.01,0.03,0.01,0.03,-0.03
0.39,0.84,-0.14,0.01,0.01,0.04,-0.2,0.22,0.01,-0.02,-0.02,2024-05-01,5.33,15.65,0.98,0.62,0.28,-1.29,-1.66,3.9,0.0,0.0,0.2,0.0,0.4,0.5,313.02,0.91,1.99,3.22,5.36,10.16,-0.35,-0.01,-0.06,-0.09,0.0,0.03
0.25,0.86,-0.13,-0.03,-0.02,0.08,-0.26,0.15,-0.01,-0.03,-0.03,2024-06-12,5.33,12.85,0.11,0.63,0.27,-0.26,0.92,4.1,0.1,0.2,0.2,0.3,0.3,0.5,313.13,-0.01,0.11,1.02,4.4,9.03,-0.42,-0.02,0.02,0.02,-0.01,0.05
0.07,0.87,-0.14,-0.03,-0.02,0.08,-0.25,0.16,-0.02,-0.03,-0.02,2024-07-31,5.33,17.69,1.09,1.3,-0.77,2.78,5.23,4.2,0.1,0.2,0.3,0.5,0.3,0.7,313.57,0.44,0.43,0.55,3.77,8.95,-0.2,-0.01,-0.04,-0.06,0.04,0.07
0.31,0.85,-0.12,-0.02,-0.01,0.07,-0.24,0.13,-0.02,-0.04,-0.02,2024-09-18,5.33,17.61,0.47,1.05,0.54,-1.84,2.61,4.1,-0.1,-0.1,0.0,0.2,0.3,0.3,314.85,0.72,1.29,1.72,2.74,7.48,0.06,-0.01,-0.03,0.02,0.04,0.06
0.42,0.87,-0.14,-0.03,-0.02,0.07,-0.24,0.16,-0.03,-0.03,-0.01,2024-11-07,4.83,16.27,-4.22,-5.71,-5.61,-3.07,-2.1,4.2,0.1,0.1,0.0,0.2,0.3,0.5,316.45,0.88,1.6,2.32,3.31,8.36,0.15,0.08,0.01,-0.01,-0.02,-0.02
0.37,0.86,-0.13,-0.01,-0.01,0.06,-0.25,0.13,-0.02,-0.04,-0.01,2024-12-18,4.58,15.87,1.18,2.06,1.95,1.68,2.36,4.1,-0.1,0.0,0.0,0.0,0.2,0.3,317.6,1.15,2.04,2.75,4.47,8.87,0.15,0.01,0.0,0.01,0.08,0.1
0.71,0.87,-0.14,-0.03,-0.03,0.08,-0.24,0.15,-0.02,-0.03,-0.0,2025-01-29,4.33,16.41,-1.49,1.56,1.39,0.6,-3.13,4.0,-0.1,-0.2,-0.1,-0.2,0.1,0.3,319.09,1.48,2.64,3.52,5.52,9.29,0.36,0.0,0.0,0.0,0.08,-0.01
0.33,0.86,-0.14,0.03,0.01,0.03,-0.15,0.22,0.02,-0.03,0.0,2025-03-19,4.33,21.7,1.19,-0.07,-2.96,-6.16,2.07,4.2,0.1,0.2,0.1,0.1,0.1,0.3,319.62,-0.16,0.53,2.01,4.76,7.51,0.25,0.0,-0.04,-0.08,-0.08,0.0
0.58,0.88,-0.14,-0.04,-0.03,0.08,-0.23,0.14,-0.03,-0.03,-0.01,2025-05-07,4.33,24.76,1.12,2.08,0.16,-0.39,2.07,4.2,0.0,0.0,0.1,0.0,0.0,0.2,320.58,0.26,0.96,0.81,4.13,7.44,0.52,-0.01,0.02,-0.03,-0.04,0.0
0.57,0.87,-0.14,-0.04,-0.03,0.08,-0.23,0.15,-0.02,-0.03,-0.0,2025-06-18,4.33,21.6,2.49,0.78,3.58,4.44,3.03,4.1,-0.1,-0.1,-0.1,0.0,0.0,0.0,321.5,0.92,1.18,1.88,3.9,8.37,0.45,-0.04,0.0,-0.01,-0.03,-0.07
0.67,0.87,-0.13,-0.04,-0.02,0.08,-0.24,0.13,-0.01,-0.04,-0.01,2025-07-30,4.33,15.98,0.95,1.05,0.59,-0.67,-0.42,4.2,0.1,0.0,0.0,0.2,0.1,0.0,322.13,0.63,1.55,1.81,3.05,8.57,0.48,-0.03,-0.01,-0.04,-0.05,-0.05
0.77,0.76,-0.1,-0.24,-0.12,0.17,0.01,0.06,-0.01,0.0,0.07,2025-07-30,4.33,15.98,0.95,1.05,0.59,-0.67,-0.42,4.2,0.1,0.0,0.0,0.2,0.1,0.0,322.13,0.63,1.55,1.81,3.05,8.57,0.48,-0.03,-0.01,-0.04,-0.05,-0.05
0.49,0.85,-0.12,-0.05,-0.03,0.09,-0.22,0.14,-0.02,-0.05,-0.02,2025-09-17,4.33,16.36,0.67,1.6,1.65,1.25,1.0,4.3,0.1,0.2,0.1,0.2,0.1,0.1,323.36,1.23,1.86,2.78,3.59,9.23,0.53,0.02,0.03,0.04,-0.03,-0.11
0.28,0.84,-0.1,-0.05,-0.02,0.09,-0.24,0.06,-0.03,-0.05,-0.02,2025-10-29,4.1,20.64,-0.17,1.61,-1.02,3.4,4.52,4.3,0.1,0.2,0.1,0.2,0.1,0.1,323.36,1.23,1.86,2.78,3.59,9.23,0.56,-0.02,0.01,0.01,0.02,-0.01
